id,domain,status,purchase_price,renewal_price,attractiveness,demand,length,registrar,created_at,expires_at,status_verified_at
061867f6-b4f0-4086-a58c-42e3dc2151f6,engineering.engineer,premium,1035.2,1035.2,high,low,11,spaceship,,,05/10/2026 19:09
a48251de-d485-4958-bed0-8257751dafcb,engineering.app,premium,799.2,1022.72,high,low,11,unstoppable,,,05/10/2026 19:09
3c248518-8f94-471e-a3d4-39c2d4a8e07b,engineering.expert,resell,,,high,low,11,"GoDaddy.com, LLC",11/03/2025 17:00,11/03/2028 17:00,05/10/2026 19:09
2b30f9de-d1e5-4d75-bf57-2803edb4a92f,engineering.foo,premium,76.7,76.7,high,low,11,namecheap,,,05/10/2026 19:09
211374e2-51ad-41de-89f0-1b4af5e477b3,engineering.ninja,premium,828.2,828.2,high,low,11,spaceship,,,05/10/2026 19:09
c09cac4c-d1e4-4040-952f-dd2b77848247,engineering.codes,premium,102.67,102.67,high,low,11,spaceship,,,05/10/2026 19:09
e96e8a56-b9b6-4283-9178-30bc9d03f3f2,engineering.zone,resell,,,high,low,11,"Chengdu West Dimension Digital Technology Co., Ltd.",07/01/2025 15:15,07/01/2027 15:15,05/10/2026 19:09
814ea23e-b6aa-48d2-bfcd-6b8c57f46258,engineering.science,premium,550,71.5,high,low,11,dynadot,,,05/10/2026 19:09
545bb7f6-35a6-4513-b4bd-78b8cfde10cf,engineering.photos,available,7.96,24.01,high,low,11,spaceship,,,05/10/2026 19:09
095ceab0-b74b-411f-b5dc-2e3a52694d01,engineering.repair,available,12.99,36.99,high,low,11,namesilo,,,05/10/2026 19:09
b8b67153-2f7c-4a79-baba-549fbbe69e7e,engineering.reisen,available,3.99,20.99,high,low,11,namesilo,,,05/10/2026 19:09
5955352f-deca-431e-9af4-4604d04cd81f,engineering.vision,premium,118.8,118.8,high,low,11,namesilo,,,05/10/2026 19:09
8c10bf90-e6aa-4921-9f36-58d458c3d8bf,engineering.realty,available,88.18,289.16,high,low,11,spaceship,,,05/10/2026 19:09
24d76e52-d2be-4645-b66b-1847777a6330,engineering.shoes,available,50.2,50.2,high,low,11,cloudflare,,,05/10/2026 19:09
8909256f-d140-4027-8706-f665818f3cc8,engineering.florist,available,32.99,32.99,high,low,11,namesilo,,,05/10/2026 19:09
febdda56-cf89-4077-8dd9-aefa94a46ab9,engineering.lifestyle,premium,910,1300,high,low,11,namecheap,,,05/10/2026 19:09
b6cfb7bb-e33e-4534-bc71-5d04c0dd364c,engineering.rehab,available,36.99,36.99,high,low,11,namesilo,,,05/10/2026 19:09
dfdc5e50-03fe-4fbb-a9a6-aaf12efdf4ae,engineering.care,premium,400.5,414.2,high,low,11,unstoppable,,,05/10/2026 19:09
e86d11a1-d6fc-42e6-b707-5bc59617df88,engineering.llc,premium,2660,2660,high,low,11,namesilo,,,05/10/2026 19:09
4bf70c44-5b77-4222-bfdf-e099e7a134b2,engineering.moi,available,27,25.99,high,low,11,unstoppable,,,05/10/2026 19:09
e308ad72-db16-42f7-802a-3cf96cce2b6b,engineering.jetzt,available,23.99,23.99,high,low,11,namesilo,,,05/10/2026 19:09
a75dd3a2-3d63-455f-8eac-8c35c1c12b05,engineering.management,available,20.9,20.9,high,low,11,spaceship,,,05/10/2026 19:09
48daa58d-c511-4a84-81bc-e04404fab6ba,engineering.claims,available,17.99,64.99,high,low,11,namesilo,,,05/10/2026 19:09
86c5f72a-7290-401e-8228-46cba59b52d8,engineering.inc,premium,1604.45,2070.2,high,low,11,spaceship,,,05/10/2026 19:09
e434748e-aa87-49dd-9dfd-847e314826eb,engineering.dental,available,78.99,78.99,high,low,11,namesilo,,,05/10/2026 19:09
f7cdcfed-627c-43b2-8cd9-da7926a9e756,engineering.lighting,available,23.99,23.99,high,low,11,namesilo,,,05/10/2026 19:09
c30bc6fa-a00d-4673-b5c0-b2bc872c8bc2,engineering.network,resell,,,high,low,11,Dynadot Inc,16/02/2021 08:40,16/02/2027 08:40,05/10/2026 19:09
d80b4569-ce82-4c04-8def-bf7e9bcc2542,engineering.uno,premium,3450,3450,high,low,11,namesilo,,,05/10/2026 19:09
fb7411cb-9744-4054-aa2a-b08d6a074ab8,engineering.cleaning,available,58.2,58.2,high,low,11,cloudflare,,,05/10/2026 19:09
dcf95ad1-b779-465c-9d4e-986470e22f38,engineering.style,premium,102.67,102.67,high,low,11,spaceship,,,05/10/2026 19:09
fe70ece0-5d43-4b94-bc8f-c71118786507,engineering.tienda,available,59.99,59.99,high,low,11,namesilo,,,05/10/2026 19:09
f808c4c8-a168-4127-9d02-2643c9c29d2b,engineering.car,available,1863.2,2064.2,high,low,11,spaceship,,,05/10/2026 19:09
f1f0cffb-ef92-4eb4-acca-99b2380244bb,engineering.locker,premium,517.7,31.25,high,low,11,spaceship,,,05/10/2026 19:09
c8681e6a-020f-4349-9431-850890f26acd,engineering.icu,premium,59.71,119.23,high,low,11,spaceship,,,05/10/2026 19:09
f6633904-9490-4a2e-8661-f956d469d229,engineering.kids,premium,53.92,21.24,high,low,11,namesilo,,,05/10/2026 19:09
8ed4db00-4ab2-47a4-9702-e22d8d8150f1,engineering.fishing,premium,96,29.5,high,low,11,namesilo,,,05/10/2026 19:09
481772ef-c095-493d-bba2-d77eb94eef30,engineering.cyou,premium,68.43,147.2,high,low,11,namesilo,,,05/10/2026 19:09
afd0de1e-2afe-4aa6-8f93-7e10399c773e,engineering.xyz,premium,2587.7,2587.7,high,low,11,spaceship,,,05/10/2026 19:09
4c13df00-a7de-4140-8361-305fdab313cf,engineering.boston,premium,83,18.83,high,low,11,spaceship,,,05/10/2026 19:09
1dad994d-4c95-45f2-ace2-5bce21c5653c,engineering.gives,available,6.41,22.39,high,low,11,spaceship,,,05/10/2026 19:09
5b5e7046-3bc2-441d-8089-8c8a040dad1a,engineering.ngo,premium,65,32.5,high,low,11,namecheap,,,05/10/2026 19:09
02b63855-7ab0-43d0-90a9-77d479c8fb39,engineering.link,premium,1552.7,1552.7,high,low,11,spaceship,,,05/10/2026 19:09
b6a070d1-c624-45d9-ae37-c848081f8322,engineering.immobilien,available,29.2,29.2,high,low,11,cloudflare,,,05/10/2026 19:09
c8b9ccce-2d0a-4486-8ae3-99c6d72e013c,engineering.solar,premium,207.2,414.2,high,low,11,spaceship,,,05/10/2026 19:09
489bc29f-986c-4eda-b1ee-c21f751d7eef,engineering.voting,available,978.6,978.6,high,low,11,dynadot,,,05/10/2026 19:09
0225bba1-1ae9-418f-82e3-e69bda07a185,engineering.villas,premium,118.8,118.8,high,low,11,namesilo,,,05/10/2026 19:09
334fe128-26e3-481d-8665-849521024960,engineering.how,premium,40.57,40.57,high,low,11,spaceship,,,05/10/2026 19:09
73000ff7-887a-4b08-8941-c5f680c6bdfc,engineering.reviews,premium,118.8,118.8,high,low,11,namesilo,,,05/10/2026 19:09
1ba6d8cb-d146-4ecf-a334-02b0d41819d2,engineering.xxx,available,51.95,98.53,high,low,11,spaceship,,,05/10/2026 19:09
ca47ad4e-7ead-485c-8046-3a4ee4601fe2,engineering.deals,premium,242,242,high,low,11,namesilo,,,05/10/2026 19:09
4bcaf10f-f179-4296-b987-ff9cd697b4e0,engineering.delivery,available,6.5,49.88,high,low,11,unstoppable,,,05/10/2026 19:09
093ed368-e7cd-4893-9471-b140caffbd73,engineering.holiday,available,64.99,64.99,high,low,11,namesilo,,,05/10/2026 19:09
9fea99db-6d7b-4a58-b8a7-9c095612dec2,engineering.plumbing,available,58.16,58.16,high,low,11,spaceship,,,05/10/2026 19:09
faa91b94-9610-44e9-9043-43cddffe2213,engineering.limited,premium,68.51,68.51,high,low,11,spaceship,,,05/10/2026 19:09
2e2753b8-3a6f-4481-967c-f26360cf4f60,engineering.cars,available,1999.99,2199,high,low,11,namesilo,,,05/10/2026 19:09
503648ba-ae2f-4a47-b3a0-3543c9dcd51c,engineering.email,premium,78.54,78.54,high,low,11,namesilo,,,05/10/2026 19:09
5123b37a-c599-4ada-aa61-9506b51caeae,engineering.website,premium,1107,1107,high,low,11,namesilo,,,05/10/2026 19:09
2b8c2ac3-48ea-4c2d-bf05-6c9bf735f380,engineering.info,resell,34385,35.99,high,low,11,Dynadot Inc,31/07/2001 01:06,31/07/2028 01:06,05/10/2026 19:09
73361ff1-4447-491c-a8b1-243cb56ffb1e,engineering.accountant,available,20.18,20.18,high,low,11,cloudflare,,,05/10/2026 19:09
d1c5d956-6edc-4748-a069-e6d19f4df45c,engineering.training,premium,102.67,102.67,high,low,11,spaceship,,,05/10/2026 19:09
3cba8c1e-2e94-49a8-82fd-872106e42e32,engineering.cash,premium,242,242,high,low,11,namesilo,,,05/10/2026 19:09
aea70ac2-10e5-497a-b3ea-df40166fc34d,engineering.lawyer,premium,4140,4140,high,low,11,namesilo,,,05/10/2026 19:09
462c7535-9963-47ac-99ea-1956bb09ec26,engineering.boutique,available,5.99,32.99,high,low,11,namesilo,,,05/10/2026 19:09
1af9f304-d7af-4717-b62d-6be18706c0d7,engineering.cricket,available,23.59,23.59,high,low,11,namesilo,,,05/10/2026 19:09
5a4f92d1-0ad9-4787-ac90-64a49edb69cc,engineering.vin,available,6.41,47.81,high,low,11,spaceship,,,05/10/2026 19:09
0dff8203-fda1-4ddc-ad85-967a9c4b8e61,engineering.rich,available,94.99,1999,high,low,11,namesilo,,,05/10/2026 19:09
a4872976-a6e2-42a0-af62-110d13d5bef9,engineering.loans,available,20,93.35,high,low,11,unstoppable,,,05/10/2026 19:09
5e317534-67e1-4cf8-9713-abf29b27dfe2,engineering.market,premium,242,242,high,low,11,namesilo,,,05/10/2026 19:09
b404dbe1-0388-473b-bed5-b52cb08f35d1,engineering.productions,premium,102.67,102.67,high,low,11,spaceship,,,05/10/2026 19:09
76d4cfb6-5728-480d-a1f7-fa7349fe47f4,engineering.gift,available,14.99,14.99,high,low,11,namesilo,,,05/10/2026 19:09
ab69ea3e-bcde-4a9f-877c-3432add2134a,engineering.furniture,available,26.5,85.01,high,low,11,unstoppable,,,05/10/2026 19:09
423d3ad4-ea5f-4848-bea6-6a9de0d1b789,engineering.domains,premium,260,260,high,low,11,namecheap,,,05/10/2026 19:09
1837dd75-a143-42db-ba9e-76c44123c8b4,engineering.download,premium,116,29.5,high,low,11,namesilo,,,05/10/2026 19:09
db085113-8cec-42a8-8cdf-78e466a9e731,engineering.fashion,available,32.49,32.49,high,low,11,namesilo,,,05/10/2026 19:09
f3071049-7914-496a-a7d9-e2b820228057,engineering.fun,premium,3450,3450,high,low,11,namesilo,,,05/10/2026 19:09
6c671125-38c9-418a-9a63-b71dcf5166b7,engineering.army,available,18.99,39.99,high,low,11,namesilo,,,05/10/2026 19:09
f5a0443b-e954-4500-82ce-2b0c5b9f14e6,engineering.faith,premium,103.7,26.08,high,low,11,spaceship,,,05/10/2026 19:09
5ec96019-5f98-47bc-96bb-4434866fb181,engineering.camera,available,58.99,58.99,high,low,11,namesilo,,,05/10/2026 19:09
8b410623-da6c-4c4f-971e-f03562e640ac,engineering.paris,available,66.98,66.98,high,low,11,namecheap,,,05/10/2026 19:09
9667b17f-9bb2-466f-81ac-2949bc0ed1ba,engineering.la,resell,,,high,low,11,LA Domain Names,24/05/2023 08:46,24/05/2027 23:59,05/10/2026 19:09
644cedba-3386-485a-8fc8-f3c8e7c89fb1,engineering.vip,resell,,,high,low,11,Alibaba Cloud Computing Ltd. d/b/a HiChina (www.net.cn),17/05/2016 16:00,17/05/2027 16:00,05/10/2026 19:09
5b5ff603-ccf2-4aea-adb0-cef59925d99b,engineering.loan,available,4.32,5.35,high,low,11,spaceship,,,05/10/2026 19:09
9326ef48-616d-409b-b9f1-5ccbfe6e290a,engineering.mobile,premium,310.7,310.7,high,low,11,spaceship,,,05/10/2026 19:09
89acbadc-8328-43bc-a897-9b2e376244a1,engineering.ing,premium,117,117,high,low,11,namecheap,,,05/10/2026 19:09
809fd759-5c89-454f-9d76-5059a1de07e3,engineering.esq,premium,340.72,340.72,high,low,11,spaceship,,,05/10/2026 19:09
78d1fef2-0534-4d56-968c-1e1cae908ac0,engineering.theater,available,50.2,50.2,high,low,11,cloudflare,,,05/10/2026 19:09
dbcc0e7c-21da-4331-8879-98c1f9b5f213,engineering.watch,premium,200.5,242,high,low,11,unstoppable,,,05/10/2026 19:09
51be8b95-1f3f-4d81-9a20-59862c1b1271,engineering.diamonds,available,42.2,42.2,high,low,11,cloudflare,,,05/10/2026 19:09
b378c2e2-3f36-4f25-9afa-148ecfcf713e,engineering.dance,available,9.52,21.94,high,low,11,spaceship,,,05/10/2026 19:09
64f611a3-58f4-454b-8efb-24d2b9553cb8,engineering.kim,premium,1107,1107,high,low,11,namesilo,,,05/10/2026 19:09
63d351f4-df06-434c-9087-0dc3b1d0cf1e,engineering.enterprises,available,11,47.98,high,low,11,unstoppable,,,05/10/2026 19:09
e82d08f4-cee6-4c03-9280-e87252c43083,engineering.sale,premium,118.8,118.8,high,low,11,namesilo,,,05/10/2026 19:09
30a97c21-fe56-4873-b1ea-57b2a8edb9ac,engineering.free,premium,650,650,high,low,11,namecheap,,,05/10/2026 19:09
8d5fba1f-796f-4aa4-94d6-550991ac200d,engineering.hiv,available,184.9,184.9,high,low,11,spaceship,,,05/10/2026 19:09
3f86e859-1f05-4628-af5c-e9517055d39b,engineering.accountants,available,90.2,90.2,high,low,11,cloudflare,,,05/10/2026 19:09
2e2fcf75-1c96-480c-946e-7bf12808d78a,engineering.financial,premium,99.5,102.67,high,low,11,unstoppable,,,05/10/2026 19:09
37787fc2-8175-4f46-bee3-6b65cbfe45a9,engineering.immo,available,27.2,27.2,high,low,11,cloudflare,,,05/10/2026 19:09
910c5870-8dc4-449f-b10d-7a581301db63,engineering.guitars,available,108.98,159.98,high,low,11,namecheap,,,05/10/2026 19:09
b840455e-17c9-4424-9d60-c791b33ae9a9,engineering.catering,premium,78.54,78.54,high,low,11,namesilo,,,05/10/2026 19:09
39c3f4a3-5d4c-4321-bb7b-d222c8b7e914,engineering.gripe,premium,78.54,78.54,high,low,11,namesilo,,,05/10/2026 19:09
46e416b7-40da-4e09-8f72-dff2cea1f3bc,engineering.maison,available,60.98,69.98,high,low,11,namecheap,,,05/10/2026 19:09
50c550a5-8981-42cd-a271-e7901dadf5f4,engineering.international,resell,,,high,low,11,"NameSilo, LLC",04/05/2025 10:08,04/05/2027 10:08,05/10/2026 19:09
f6dfc669-8100-49de-bfe9-8938b2dbd376,engineering.channel,premium,257.92,257.92,high,low,11,spaceship,,,05/10/2026 19:09
769555ae-48b9-4bab-ad7f-a6a4aaa0379a,engineering.salon,available,57.99,57.99,high,low,11,namesilo,,,05/10/2026 19:09
d801b6da-59bc-4a95-836c-dfc74314ebfd,engineering.build,premium,1552.7,1552.7,high,low,11,spaceship,,,05/10/2026 19:09
be1a2498-6a90-4934-b12e-b7318ef4fedd,engineering.shopping,premium,512,512,high,low,11,namesilo,,,05/10/2026 19:09
c229fde0-2f1c-4e66-a547-405edd18199b,engineering.guide,premium,414.2,414.2,high,low,11,spaceship,,,05/10/2026 19:09
78b1e075-1d97-4381-a759-acfabca95769,engineering.rest,premium,65.41,93.35,high,low,11,spaceship,,,05/10/2026 19:09
64ecb022-ed6c-4627-af71-dc30dc4eec3e,engineering.tickets,available,326.21,388.33,high,low,11,spaceship,,,05/10/2026 19:09
1b8a1c58-caab-425e-bc8c-816c1c0bc8e8,engineering.menu,available,27.99,27.99,high,low,11,namesilo,,,05/10/2026 19:09
67eada37-3640-4b84-b440-16073157faff,engineering.diy,premium,1107,1107,high,low,11,namesilo,,,05/10/2026 19:09
4fe9601b-c6e8-4069-bc67-71f4edfff64e,engineering.dealer,premium,1604.45,2070.2,high,low,11,spaceship,,,05/10/2026 19:09
9fc633a1-73b4-4326-a11d-074f5193efdf,engineering.video,premium,3450,3450,high,low,11,namesilo,,,05/10/2026 19:09
6680afa3-992d-425f-b987-a1c38b16bf4a,engineering.rocks,premium,99.5,118.8,high,low,11,unstoppable,,,05/10/2026 19:09
10d62e79-9cf0-446d-a355-9c8c28f35327,engineering.sex,available,95.2,95.2,high,low,11,cloudflare,,,05/10/2026 19:09
de2b97a9-891a-42ef-8a95-4e12d40a3c5e,engineering.ryukyu,available,17.98,22.98,high,low,11,namecheap,,,05/10/2026 19:09
47bdcb80-427e-48b7-892d-589d69371334,engineering.lease,premium,102.67,102.67,high,low,11,spaceship,,,05/10/2026 19:09
289f44dc-cb46-4452-be57-861e14c9e2b2,engineering.fans,premium,116,116,high,low,11,namesilo,,,05/10/2026 19:09
fbb1c21b-120d-43d7-9d20-b5545b81c7ed,engineering.tips,premium,400.5,512,high,low,11,unstoppable,,,05/10/2026 19:09
4d273b13-5fac-40ec-aa42-2b165ca97c9b,engineering.industries,premium,260,260,high,low,11,namecheap,,,05/10/2026 19:09
3dfa1c6a-53d0-4320-a311-ad53179b9594,engineering.host,premium,650,1300,high,low,11,namecheap,,,05/10/2026 19:09
5aa8c298-535b-4610-9e94-bc91712851fd,engineering.ceo,premium,206.17,206.17,high,low,11,spaceship,,,05/10/2026 19:09
1319356e-b60e-4b69-8152-c80444b18283,engineering.forsale,premium,102.67,102.67,high,low,11,spaceship,,,05/10/2026 19:09
b0e1a0a0-aac6-4221-b125-cf9ff3996135,engineering.to,resell,,,high,low,11,Tonic,21/08/2023 02:27,01/08/2027 00:00,05/10/2026 19:09
038452dd-07a3-439f-9d03-359fe82d5cd8,engineering.onl,premium,53.92,116,high,low,11,namesilo,,,05/10/2026 19:09
3db77ebf-0006-4934-a0d1-8fb9c179d04e,engineering.gold,available,6.93,83,high,low,11,spaceship,,,05/10/2026 19:09
ef71f418-3f4a-4cec-b9bc-667e1c663204,engineering.baby,available,1.8,81.98,high,low,11,namecheap,,,05/10/2026 19:09
0d3b68e5-f604-4101-9816-7f6dab9e7e0a,engineering.wedding,available,26.08,26.08,high,low,11,spaceship,,,05/10/2026 19:09
4e1432a5-5553-4319-99b6-ae0ac01a477f,engineering.biz,resell,,,high,low,11,Dynadot Inc,27/03/2002 06:34,26/03/2027 23:59,05/10/2026 19:09
25d7ad44-4e7e-4c6e-a75a-fc14b060d2d3,engineering.webcam,available,11.99,11.99,high,low,11,namesilo,,,05/10/2026 19:09
6ec0c67d-22ed-4db5-82e9-aeea92644fff,engineering.equipment,available,29.98,32.98,high,low,11,namecheap,,,05/10/2026 19:09
7dd0f3ea-c4d0-4e75-a80c-27448bfcd639,engineering.sexy,available,2587.7,2587.7,high,low,11,spaceship,,,05/10/2026 19:09
f0c61e06-d815-48bd-b1e8-4305bb124f8a,engineering.ink,available,1.75,26.08,high,low,11,spaceship,,,05/10/2026 19:09
8f10a109-9762-480b-a1ab-29ca0330d231,engineering.barcelona,available,25.04,25.04,high,low,11,spaceship,,,05/10/2026 19:09
28c84956-4157-4c92-96c5-3aa64061244a,engineering.consulting,premium,220,220,high,low,11,dynadot,,,05/10/2026 19:09
bec95fa7-2754-4b4d-982b-ab1c347e855c,engineering.hiphop,available,20.9,20.9,high,low,11,spaceship,,,05/10/2026 19:09
1f677144-cd9e-4aea-8d41-0643624f6f5a,engineering.estate,resell,,,high,low,11,"Sav.com, LLC - 7",05/06/2025 15:15,05/06/2027 15:15,05/10/2026 19:09
a9b46e89-23ab-4d2a-9070-6433592dcff4,engineering.moe,available,13.99,13.99,high,low,11,namesilo,,,05/10/2026 19:09
b761bfb4-1741-4a25-8290-5f426727379d,engineering.ooo,premium,81972,119.99,high,low,11,namesilo,,,05/10/2026 19:09
dcf41d13-4c11-4232-9291-e23073fa8268,engineering.phd,premium,340.72,340.72,high,low,11,spaceship,,,05/10/2026 19:09
5a752748-a0cc-4653-bf0f-96f40066d9b5,engineering.toys,available,17,52.01,high,low,11,unstoppable,,,05/10/2026 19:09
806c443e-d465-4f0c-82e4-133453d46767,engineering.business,premium,102.67,102.67,high,low,11,spaceship,,,05/10/2026 19:09
ba8da37b-0f29-4d60-a074-eeb8ea3dd4c6,engineering.fund,premium,207.2,207.2,high,low,11,spaceship,,,05/10/2026 19:09
fa787274-6552-4d8a-9437-c4281e21486c,engineering.ac,available,34.99,47.99,high,low,11,namesilo,,,05/10/2026 19:09
533afe41-32a1-44ac-90d0-498040105738,engineering.trading,available,16.2,16.2,high,low,11,cloudflare,,,05/10/2026 19:09
3e167381-61a7-4ee0-aec4-65e3f5bca619,engineering.football,available,20.9,20.9,high,low,11,spaceship,,,05/10/2026 19:09
4c65dcd6-f12c-4397-8f99-ba8fee8200cc,engineering.cooking,available,32.49,32.49,high,low,11,namesilo,,,05/10/2026 19:09
35e4f75d-1b2f-466b-90e0-43ca6bc3d15a,engineering.vacations,available,38.99,38.99,high,low,11,namesilo,,,05/10/2026 19:09
ae265536-8b77-4381-bb0b-a6a2802fb541,engineering.futbol,available,7.49,17.99,high,low,11,namesilo,,,05/10/2026 19:09
2981a7ee-c45e-4bae-b09c-e4da947db1d5,engineering.racing,available,10.9,10.9,high,low,11,dynadot,,,05/10/2026 19:09
a66764de-6467-42f9-baf4-8385d3c46b28,engineering.kaufen,available,5.99,26.99,high,low,11,namesilo,,,05/10/2026 19:09
0b1233c0-a0e2-4d8d-b5b8-f0bccba09278,engineering.diet,available,104.99,114.99,high,low,11,namesilo,,,05/10/2026 19:09
f254bd15-cecf-4834-95e0-c7aea32d69a2,engineering.creditcard,available,125.2,125.2,high,low,11,cloudflare,,,05/10/2026 19:09
6584daa7-df84-4619-b9c4-d6c47b9649ae,engineering.adult,available,51.95,98.53,high,low,11,spaceship,,,05/10/2026 19:09
0c2d9909-8bdd-4df3-af38-143c02d68010,engineering.food,premium,1107,1107,high,low,11,namesilo,,,05/10/2026 19:09
88055873-06f4-480b-8828-25d2f3f51477,engineering.deal,premium,517.7,517.7,high,low,11,spaceship,,,05/10/2026 19:09
0125f289-1a2b-486f-a323-895fb40595d4,engineering.meme,premium,93.35,93.35,high,low,11,spaceship,,,05/10/2026 19:09
2940fb69-742f-410d-8f0b-59e905c95a64,engineering.cruises,available,56.99,56.99,high,low,11,namesilo,,,05/10/2026 19:09
11d70053-67a4-45c2-9aac-916917204b05,engineering.associates,premium,72.6,72.6,high,low,11,dynadot,,,05/10/2026 19:09
eba6a447-d849-44f0-9517-dce31566a84b,engineering.coupons,available,5.5,54.99,high,low,11,unstoppable,,,05/10/2026 19:09
8b1087e1-9be8-4208-ba7a-f9d591e9481e,engineering.party,available,5.25,6.25,high,low,11,namesilo,,,05/10/2026 19:09
b36a7c19-04bd-4a7f-9e1e-43287107b5b2,engineering.luxury,available,26,26,high,low,11,spaceship,,,05/10/2026 19:09
818a9525-6afb-4f49-b36c-ae86f544d8f1,engineering.promo,available,14.49,24.99,high,low,11,namesilo,,,05/10/2026 19:09
2d2517d0-9849-4a8d-8851-e4090320b9da,engineering.osaka,available,32.98,41.98,high,low,11,namecheap,,,05/10/2026 19:09
bcec298f-6615-41d5-a903-26ba76883863,engineering.foundation,premium,242,242,high,low,11,namesilo,,,05/10/2026 19:09
4ab3340f-f434-4bd3-9625-eca4c4f01fe5,engineering.singles,available,3.31,27.11,high,low,11,spaceship,,,05/10/2026 19:09
edf74a07-093e-4696-b73d-e39c8fa66966,engineering.bet,available,13.5,20.2,high,low,11,unstoppable,,,05/10/2026 19:09
436e0df5-aeee-482b-8da6-3c6d0d931cd1,engineering.show,available,14.17,35.39,high,low,11,spaceship,,,05/10/2026 19:09
bbe52d77-3f84-4bd3-9432-057664fd0ec4,engineering.dentist,available,65.99,65.99,high,low,11,namesilo,,,05/10/2026 19:09
31efa545-0dc6-4533-8dea-fbb858135d53,engineering.garden,available,1.98,43.98,high,low,11,namecheap,,,05/10/2026 19:09
550e9c05-687e-456c-835d-ae41d8e5fa17,engineering.prof,premium,340.72,340.72,high,low,11,spaceship,,,05/10/2026 19:09
393f8995-e266-4036-82af-4a18950781f9,engineering.observer,premium,20.9,20.9,high,low,11,spaceship,,,05/10/2026 19:09
6caa3fbc-e458-4441-9a3c-4b7ee1997612,engineering.vodka,available,32.49,32.49,high,low,11,namesilo,,,05/10/2026 19:09
aca6672b-d7a2-4063-bedc-1511ee24407d,engineering.exchange,premium,68.51,68.51,high,low,11,spaceship,,,05/10/2026 19:09
4b03ea20-8504-466b-8cc0-b5d5fc121f0d,engineering.rsvp,premium,257.92,257.92,high,low,11,spaceship,,,05/10/2026 19:09
0e44fbbe-b344-4ec3-8ab4-430a4ac73c8f,engineering.movie,available,47.99,349.99,high,low,11,namesilo,,,05/10/2026 19:09
7506b80b-e5b7-4c5e-8d93-d52580640c86,engineering.wiki,premium,110,110,high,low,11,dynadot,,,05/10/2026 19:09
73990c4c-3f22-4805-9f83-533f9d385996,engineering.protection,available,2064.2,2064.2,high,low,11,spaceship,,,05/10/2026 19:09
0cef6985-4ef9-4097-93c9-252c2a639a08,engineering.photography,available,6.41,29.18,high,low,11,spaceship,,,05/10/2026 19:09
8176fd74-b8ee-48f4-962a-8e7bca4126d7,engineering.memorial,available,52.99,52.99,high,low,11,namesilo,,,05/10/2026 19:09
6ff94941-ff58-4292-8918-e6af42d4039c,engineering.ong,premium,55,27.5,high,low,11,dynadot,,,05/10/2026 19:09
9dd75108-a998-4e0c-a2eb-d623c3e7fd97,engineering.media,premium,118.8,118.8,high,low,11,namesilo,,,05/10/2026 19:09
6c09a666-38cb-4946-a59d-d1fa3b202124,engineering.theatre,available,500.2,500.2,high,low,11,cloudflare,,,05/10/2026 19:09
ce2a0bc8-f234-43e0-b8a1-21436cded86f,engineering.church,available,14.99,58.99,high,low,11,namesilo,,,05/10/2026 19:09
671821db-4090-4c8a-ae02-9f34297b733a,engineering.yoga,available,33.98,45.98,high,low,11,namecheap,,,05/10/2026 19:09
84c63850-d850-4b16-b2df-bdb602fcdddb,engineering.country,available,2064.2,2064.2,high,low,11,spaceship,,,05/10/2026 19:09
107056b1-265f-4f7f-9afa-793555282d08,engineering.photo,premium,103.7,103.7,high,low,11,spaceship,,,05/10/2026 19:09
d6f1321d-a42b-40f3-88f3-b114b105169f,engineering.schule,available,28.99,28.99,high,low,11,namesilo,,,05/10/2026 19:09
de4f4327-14a8-4c1d-b2ab-4d49a4ceb319,engineering.cards,premium,512,512,high,low,11,namesilo,,,05/10/2026 19:09
e2089a42-ceb2-4c75-9c77-bc5822da8caf,engineering.fast,premium,517.7,517.7,high,low,11,spaceship,,,05/10/2026 19:09
793a288d-80a6-439e-baab-8937118afcdf,engineering.attorney,premium,3105.2,3105.2,high,low,11,spaceship,,,05/10/2026 19:09
01ec1fb7-3a54-477f-b221-31f6d7809fd3,engineering.gratis,available,23.99,23.99,high,low,11,namesilo,,,05/10/2026 19:09
2807aa10-b938-41c8-a741-0f9f1f1d8578,engineering.work,premium,5175.2,10.55,high,low,11,spaceship,,,05/10/2026 19:09
682d04d6-2636-4bb7-9b01-9695544e4314,engineering.blog,premium,650,2600,high,low,11,namecheap,,,05/10/2026 19:09
31dbba3b-f710-45aa-981c-ddae4f1e9657,engineering.eco,premium,3622.7,59.71,high,low,11,spaceship,,,05/10/2026 19:09
dc1f71b1-07af-4380-a6c1-83e2d6c3266e,engineering.tattoo,available,2.99,34.99,high,low,11,namesilo,,,05/10/2026 19:09
b1d30188-6b49-444b-b604-bd1c444400ac,engineering.hot,premium,517.7,517.7,high,low,11,spaceship,,,05/10/2026 19:09
aca67c99-caba-4fca-a68d-a4fd0e822548,engineering.games,resell,,,high,low,11,"Sav.com, LLC - 44",03/02/2026 15:15,03/02/2027 15:15,05/10/2026 19:09
4771d3c6-d52d-4bcd-9ce2-cbb238825341,engineering.audio,available,104.99,114.99,high,low,11,namesilo,,,05/10/2026 19:09
99757c3c-ccc6-4593-b6f8-17919c141d38,engineering.auto,available,1863.2,2064.2,high,low,11,spaceship,,,05/10/2026 19:09
70ad541e-d473-4d3d-916d-2e91f9d87452,engineering.gifts,premium,68.51,68.51,high,low,11,spaceship,,,05/10/2026 19:09
01d72877-049d-4b4d-9d37-0639b7745282,engineering.stream,premium,640,77.35,high,low,11,namesilo,,,05/10/2026 19:09
1c7880a7-28ec-47c4-8fb5-7b456893d68a,engineering.moda,available,33.32,33.32,high,low,11,spaceship,,,05/10/2026 19:09
355227dd-d96c-41ca-a813-4ef4c802bf4d,engineering.sucks,premium,2658.67,2658.67,high,low,11,namesilo,,,05/10/2026 19:09
0e53b177-16c3-4731-9e0a-60a349e5ac43,engineering.courses,premium,6500,6500,high,low,11,namecheap,,,05/10/2026 19:09
b60b58a6-36f3-4cf1-92d4-5b2c609e9a17,engineering.cab,available,33.98,41.98,high,low,11,namecheap,,,05/10/2026 19:09
552a4bb2-8f6b-4157-a149-3ccada730fe7,engineering.healthcare,available,70.58,70.58,high,low,11,spaceship,,,05/10/2026 19:09
d6316268-e5d8-42f0-a23b-2a50be90caf2,engineering.parts,premium,242,242,high,low,11,namesilo,,,05/10/2026 19:09
dc0e3a56-74ff-4830-9858-243e983b1953,engineering.camp,premium,414.2,414.2,high,low,11,spaceship,,,05/10/2026 19:09
7eb99b1e-00ab-4b90-81f2-e20857ce36a1,engineering.gay,premium,302.5,302.5,high,low,11,namesilo,,,05/10/2026 19:09
724ea282-21b4-4e57-ad76-f12a984a3c8d,engineering.democrat,available,5.38,26.08,high,low,11,spaceship,,,05/10/2026 19:09
9cc5f42c-7a03-40c8-9507-ecebd1f94583,engineering.kitchen,available,8.98,83.98,high,low,11,namecheap,,,05/10/2026 19:09
e2bdacdd-897b-426b-aa8c-eea5448c4435,engineering.jewelry,available,51.95,51.95,high,low,11,spaceship,,,05/10/2026 19:09
b1e91bcb-7742-439c-8d1a-8ad9bbff5851,engineering.glass,premium,102.67,102.67,high,low,11,spaceship,,,05/10/2026 19:09
9d3c9ed4-ed8c-4928-8400-dbcf7280e971,engineering.apartments,available,57.99,57.99,high,low,11,namesilo,,,05/10/2026 19:09
473d404a-2f11-4c9a-9047-a90ded3cd3c8,engineering.restaurant,available,20.99,64.99,high,low,11,namesilo,,,05/10/2026 19:09
0f9da12c-bf0a-4b51-a9ce-d22580ee3f60,engineering.airforce,available,80.2,80.2,high,low,11,cloudflare,,,05/10/2026 19:09
5ef38b9b-1176-43cd-b7d8-ff47a0276677,engineering.soy,premium,81.97,81.97,high,low,11,spaceship,,,05/10/2026 19:09
d6bf3769-af01-4485-926b-7bd0b84c33d4,engineering.gallery,premium,118.8,118.8,high,low,11,namesilo,,,05/10/2026 19:09
572695f4-3dde-4aee-8b4c-3bee8d3056ca,engineering.viajes,available,37.99,37.99,high,low,11,namesilo,,,05/10/2026 19:09
e93ffa4e-db50-4b20-899a-f2de1190cafb,engineering.vet,available,34.14,34.14,high,low,11,dynadot,,,05/10/2026 19:09
9a12bdd5-c485-4f31-9518-2738f807477b,engineering.mba,available,10.55,31.25,high,low,11,spaceship,,,05/10/2026 19:09
35c0d25c-b231-4a10-a758-c3e70df62d99,engineering.rodeo,available,12.99,12.99,high,low,11,namesilo,,,05/10/2026 19:09
cc9a3291-67ff-4743-b3bb-e07265ae042b,engineering.spot,premium,500.5,640,high,low,11,unstoppable,,,05/10/2026 19:09
18e43848-a97d-4852-9091-07e307e6f3a9,engineering.tires,available,72.44,72.44,high,low,11,spaceship,,,05/10/2026 19:09
c4c8045e-670d-4f10-995f-eaae7e1b67af,engineering.shiksha,premium,2070.2,2070.2,high,low,11,spaceship,,,05/10/2026 19:09
5ec828e8-b32b-4c28-aec4-36cffe569b11,engineering.ltda,premium,66.3,66.3,high,low,11,namecheap,,,05/10/2026 19:09
0bafeef2-296d-49bd-a7d3-e6573e22787b,engineering.zip,premium,61.27,61.27,high,low,11,spaceship,,,05/10/2026 19:09
c52e5f33-0324-47f1-b1d8-a4805fcad88d,engineering.global,premium,4000.5,53.92,high,low,11,unstoppable,,,05/10/2026 19:09
63684357-5284-437d-83fa-9c59f16353cc,engineering.space,premium,10000.2,13000,high,low,11,unstoppable,,,05/10/2026 19:09
a7616201-c7c2-4cee-add6-34351d905852,engineering.mom,premium,832,832,high,low,11,namesilo,,,05/10/2026 19:09
863a5b10-08aa-4884-8259-cca82c55cb29,engineering.doctor,premium,260,260,high,low,11,namecheap,,,05/10/2026 19:09
7b04ac78-0b24-4081-a9fd-74627adfcbb7,engineering.sydney,available,58,58,high,low,11,namesilo,,,05/10/2026 19:09
1be58b4c-4c6a-4fe6-937a-b2358c14c666,engineering.sarl,available,6.99,6.99,high,low,11,namesilo,,,05/10/2026 19:09
121ed0d0-0f92-48df-be94-1dd344337fe3,engineering.film,premium,116,116,high,low,11,namesilo,,,05/10/2026 19:09
67be0a4c-82f8-4741-9a47-3b0ae4e62649,engineering.casa,premium,96,11.8,high,low,11,namesilo,,,05/10/2026 19:09
a47d74a6-af38-4416-b6bb-02a2a96b09b8,engineering.nyc,premium,2587.7,26.08,high,low,11,spaceship,,,05/10/2026 19:09
f42ceeb2-6c4c-4e8d-852d-7c95905ca26a,engineering.voto,available,26.5,55.93,high,low,11,unstoppable,,,05/10/2026 19:09
c5cd5ac7-7f3b-4dca-ab78-5289bfdd25a6,engineering.so,resell,,,high,low,11,NameCheap,17/06/2024 19:58,17/06/2026 19:58,
81d7748f-7f8f-455c-8c63-035d06b5679d,engineering.fitness,premium,102.67,102.67,high,low,11,spaceship,,,05/10/2026 19:09
3b32c132-3680-43d5-8a61-ad0bdd7ded8b,engineering.band,available,17.48,39.98,high,low,11,namecheap,,,05/10/2026 19:09
7c23a04f-be15-4ab4-8940-decaa124a899,engineering.horse,available,26.08,26.08,high,low,11,spaceship,,,05/10/2026 19:09
e6cdcb77-4ed2-42ba-a17f-0cfc94e142a6,engineering.casino,available,6.41,129.58,high,low,11,spaceship,,,05/10/2026 19:09
fe07f378-a110-4da0-8445-a8c009d6de10,engineering.online,premium,1625,6500,high,low,11,namecheap,,,05/10/2026 19:09
caa50338-adc6-4fe3-811e-52a99c10f569,engineering.college,premium,3250,3250,high,low,11,namecheap,,,05/10/2026 19:09
73dffb93-89cf-4d1d-b443-908299236774,engineering.graphics,available,18.83,18.83,high,low,11,spaceship,,,05/10/2026 19:09
73a64972-86a4-4f7e-a0c4-62b449d9a8ea,engineering.vegas,available,18.99,43.99,high,low,11,namesilo,,,05/10/2026 19:09
1217db53-915c-49f1-8dc7-8a77c51801e2,engineering.vote,available,70.2,70.2,high,low,11,cloudflare,,,05/10/2026 19:09
879018ee-3a0a-4d18-8cc5-5512f9a25ffc,engineering.fish,premium,118.8,118.8,high,low,11,namesilo,,,05/10/2026 19:09
91e9844c-5a4f-42be-b2bb-4b52d94189ad,engineering.surgery,premium,102.67,102.67,high,low,11,spaceship,,,05/10/2026 19:09
9ba86acd-d9db-4259-bcbf-790758471b6a,engineering.pw,premium,517.5,517.5,high,low,11,spaceship,,,05/10/2026 19:09
90d52ec7-09d3-4668-89c5-f378307d08ae,engineering.condos,premium,102.67,102.67,high,low,11,spaceship,,,05/10/2026 19:09
cdd1fe38-a66a-482c-a3ba-879962d011e1,engineering.forex,available,80.2,80.2,high,low,11,cloudflare,,,05/10/2026 19:09
4a84c24a-130b-46a0-9f37-f99e19d7ee11,engineering.exposed,premium,207.2,207.2,high,low,11,spaceship,,,05/10/2026 19:09
6090589a-a88f-48e1-b219-bb532021e9e5,engineering.mov,premium,59.2,61.27,high,low,11,unstoppable,,,05/10/2026 19:09
4ed6f0d4-0ce9-489a-b609-370e362f5716,engineering.capital,premium,68.51,68.51,high,low,11,spaceship,,,05/10/2026 19:09
acfb219b-0e31-4d32-a477-76c06c1b6821,engineering.buzz,premium,512,116,high,low,11,namesilo,,,05/10/2026 19:09
952979df-a90f-4bec-9ed8-e095b8b7cb18,engineering.pictures,available,15.49,15.49,high,low,11,namesilo,,,05/10/2026 19:09
75dd7e1f-8372-402e-a2a8-83e7587bdfae,engineering.pet,available,6.41,20.9,high,low,11,spaceship,,,05/10/2026 19:09
ce242cc3-7dcc-44c4-88a3-96e37cdc86fa,engineering.mx,available,39.99,43.99,high,low,11,namesilo,,,05/10/2026 19:09
67e65b82-65ba-4f02-8cac-dc6cd7a5e2a1,engineering.bar,premium,576,576,high,low,11,namesilo,,,05/10/2026 19:09
674e4693-585c-4b6c-9158-2bcc9c6a9d0d,engineering.ski,premium,118.8,118.8,high,low,11,namesilo,,,05/10/2026 19:09
e9fc6ee6-ef33-4f7d-8a19-cb69f02f0ffd,engineering.vana,available,2070.2,2070.2,high,low,11,spaceship,,,05/10/2026 19:09
54a9deaa-3333-4fb5-bf82-969fb1e231f7,engineering.srl,premium,54.28,30.68,high,low,11,namesilo,,,05/10/2026 19:09
c885f5b1-08ad-4c7f-9bbb-aa04deb9f73b,engineering.properties,premium,220,220,high,low,11,dynadot,,,05/10/2026 19:09
cf96b173-b4e2-4ebd-a4db-7bbdc907cced,engineering.luxe,available,19.49,19.49,high,low,11,namesilo,,,05/10/2026 19:09
ded0531a-d466-4c8e-ba73-977e5be8c491,engineering.review,premium,5175.2,103.7,high,low,11,spaceship,,,05/10/2026 19:09
1a874054-3347-4d20-a793-5532ebdb7a5d,engineering.pink,available,21.62,21.62,high,low,11,dynadot,,,05/10/2026 19:09
843ecef6-7a3d-4a36-92c1-894a178e3e2c,engineering.family,premium,102.67,102.67,high,low,11,spaceship,,,05/10/2026 19:09
710f15e6-c2ce-4424-96aa-133ea65ea421,engineering.day,premium,257.92,257.92,high,low,11,spaceship,,,05/10/2026 19:09
7b34552c-b246-48b1-900a-1184d030e43d,engineering.blackfriday,available,114.99,114.99,high,low,11,namesilo,,,05/10/2026 19:09
ed5e2bf2-b2b7-463e-977e-0b35218b4bbb,engineering.security,available,1863.2,2000.18,high,low,11,spaceship,,,05/10/2026 19:09
e3ea88a2-ec37-42e1-9123-b1d7ee3c84c3,engineering.giving,premium,207.2,207.2,high,low,11,spaceship,,,05/10/2026 19:09
84e85645-3b90-4483-9803-9479b60ffd16,engineering.flowers,available,64.99,114.99,high,low,11,namesilo,,,05/10/2026 19:09
d96ab619-f93e-4fbb-bcac-a1aaffa16729,engineering.social,premium,414.2,414.2,high,low,11,spaceship,,,05/10/2026 19:09
21f846c1-d131-4efe-85cb-676ac49d3e1b,engineering.markets,available,5.38,15.73,high,low,11,spaceship,,,05/10/2026 19:09
9fa696a1-4af9-47c2-8914-aadf7eb65a9d,engineering.navy,available,41.99,41.99,high,low,11,namesilo,,,05/10/2026 19:09
4ea3ed5c-2f0e-454c-8497-76e7c774cec3,engineering.bayern,available,34.99,34.99,high,low,11,namesilo,,,05/10/2026 19:09
58e90073-2989-4789-a5a0-5d8ecdd51f59,engineering.hosting,available,309.99,429.99,high,low,11,namesilo,,,05/10/2026 19:09
a9046156-d83b-4c7c-84f7-9ad1c61ee546,engineering.sbs,premium,68.43,147.2,high,low,11,namesilo,,,05/10/2026 19:09
69904a70-c252-4c49-8a53-b44eeb518b34,engineering.mortgage,available,65.98,76.98,high,low,11,namecheap,,,05/10/2026 19:09
37d28b31-4d6a-41df-b72d-01b6526ca523,engineering.news,premium,1000.5,1035.2,high,low,11,unstoppable,,,05/10/2026 19:09
b4014a81-7d5f-46f6-a85e-125e0c6b7251,engineering.institute,premium,242,242,high,low,11,namesilo,,,05/10/2026 19:09
87874c2a-6637-41e6-ba9a-54d238cd2760,engineering.london,premium,116.53,28.02,high,low,11,dynadot,,,05/10/2026 19:09
65a93177-9f3d-47b9-9aaa-e735fb8f5afe,engineering.actor,available,9.48,54.98,high,low,11,namecheap,,,05/10/2026 19:09
a17be476-3a0c-4bb5-b007-e81a708ccb08,engineering.one,premium,640,640,high,low,11,namesilo,,,05/10/2026 19:09
72c546c0-7797-4854-b31e-445eb0ef6c35,engineering.limo,available,42.2,42.2,high,low,11,cloudflare,,,05/10/2026 19:09
f93a7ab7-a079-4c8e-8208-46d10f97299e,engineering.clinic,premium,68.51,68.51,high,low,11,spaceship,,,05/10/2026 19:09
7760c2c0-24ba-4ab6-b697-437dd1eda872,engineering.credit,available,8.48,83,high,low,11,spaceship,,,05/10/2026 19:09
51c3c2cb-c265-4e27-97eb-8f8ad18b10a2,design.wedding,premium,520,32.5,high,medium,6,namecheap,,,02/10/2026 13:14
3ee5aa69-4562-4424-aa66-a34e75ba443f,engineering.surf,available,1.98,43.98,high,low,11,namecheap,,,05/10/2026 19:09
d80802f2-7199-4707-a44f-8022c1e6f5dc,engineering.clothing,available,32.99,32.99,high,low,11,namesilo,,,05/10/2026 19:09
83cd307e-6327-4078-b975-c36824b74268,engineering.porn,available,51.95,98.53,high,low,11,spaceship,,,05/10/2026 19:09
9a830732-c520-433e-ad47-17593ec59ec9,engineering.bargains,premium,99.5,108.9,high,low,11,unstoppable,,,05/10/2026 19:09
69ba5461-1912-43aa-9348-1dd9d67fd4c6,engineering.taxi,available,10.99,62.99,high,low,11,namesilo,,,05/10/2026 19:09
0cb302bb-d7a4-4e97-8906-650885eef265,engineering.green,premium,1300,1300,high,low,11,namecheap,,,05/10/2026 19:09
9a51aa60-c6a3-4a58-b66c-8b60d0f38130,engineering.rentals,premium,242,242,high,low,11,namesilo,,,05/10/2026 19:09
b79f9404-7d91-4dd2-8d4f-b7164db8f509,engineering.holdings,available,67.98,81.98,high,low,11,namecheap,,,05/10/2026 19:09
5d31066d-cb69-489f-8815-11012efe70b8,engineering.chat,premium,118.8,118.8,high,low,11,namesilo,,,05/10/2026 19:09
bad332da-261c-4f13-9b88-99998891c744,engineering.cheap,premium,207.2,207.2,high,low,11,spaceship,,,05/10/2026 19:09
1cd58749-6a58-45f4-bf55-4f84e4cb470b,engineering.soccer,available,25.99,25.99,high,low,11,namesilo,,,05/10/2026 19:09
09082e65-3799-4b39-a00a-2fb11ff77d93,engineering.insure,available,56.2,56.2,high,low,11,cloudflare,,,05/10/2026 19:09
6d306f0c-1c6f-4712-88dc-3d9ee9a52ef9,engineering.world,resell,,,high,low,11,GoDaddy Online Services Cayman Islands Ltd.,15/04/2017 19:39,15/04/2027 19:39,05/10/2026 19:09
b4328462-c621-402c-8161-92e29d94a456,engineering.store,premium,3450,3450,high,low,11,namesilo,,,05/10/2026 19:09
363bb6f7-2b26-4d14-aa1d-5d980075f7b3,engineering.talk,premium,517.7,517.7,high,low,11,spaceship,,,05/10/2026 19:09
7f07d963-47bb-4ee2-9867-cad5ed527bfa,engineering.cc,resell,,,high,low,11,Unstoppable Domains Inc.,31/03/2019 08:00,31/03/2027 08:00,05/10/2026 19:09
4fa989cb-5378-439f-be4a-97e21b2d6e3b,engineering.press,premium,258.95,517.7,high,low,11,spaceship,,,05/10/2026 19:09
208bfcbd-03b6-4be9-b363-705f20eb4143,engineering.study,premium,5175.2,5175.2,high,low,11,spaceship,,,05/10/2026 19:09
f325f3d0-544f-4498-8a3e-69ae29c307a9,engineering.travel,available,27.99,149.99,high,low,11,namesilo,,,05/10/2026 19:09
23cf61d5-0cd5-47a1-9d08-5adfdc61e6e5,engineering.republican,available,25.2,25.2,high,low,11,cloudflare,,,05/10/2026 19:09
e0de07bc-eb6c-4619-8b14-c7d2622c121f,engineering.town,premium,102.67,102.67,high,low,11,spaceship,,,05/10/2026 19:09
0c344354-8dbe-4f4d-a453-1cc761527d0f,engineering.irish,available,5.57,18.41,high,low,11,dynadot,,,05/10/2026 19:09
7c6e2d23-e681-4f99-8017-07a4d9a7fa78,engineering.bid,resell,,,high,low,11,"Global Domains International, Inc. DBA DomainCostClub.com",06/09/2017 07:25,06/09/2028 07:25,05/10/2026 19:09
13424475-249f-44bd-ad46-ba661770688d,engineering.farm,premium,102.67,102.67,high,low,11,spaceship,,,05/10/2026 19:09
17c999c6-de8b-438d-be01-cd5b51da6427,engineering.dad,premium,249.2,323.7,high,low,11,unstoppable,,,05/10/2026 19:09
2e97cfe3-de73-4cc9-adb5-ede353b593c1,engineering.you,premium,640,640,high,low,11,namesilo,,,05/10/2026 19:09
5397da69-ff93-49f2-a7dd-3e3508e1c176,design.racing,premium,517.7,258.95,high,medium,6,spaceship,,,02/10/2026 13:14
6d1786e1-535f-4781-9b2e-9db901ac3cd1,design.luxe,premium,2660,17.7,high,medium,6,namesilo,,,02/10/2026 13:14
7de80c9e-dd7c-48a4-bc56-5912ea8dfd6b,engineering.tennis,available,51.95,51.95,high,low,11,spaceship,,,05/10/2026 19:09
f4bad5d0-84fc-4631-85cd-5ad53c1fae7a,engineering.dating,available,13.06,53.72,high,low,11,dynadot,,,05/10/2026 19:09
e2ad0709-b3f4-4110-92a7-a007da34b26e,engineering.christmas,available,1.24,31.16,high,low,11,spaceship,,,05/10/2026 19:09
20b021fc-3f02-442d-8ce7-1f79d4c32c33,design.expert,resell,,,high,medium,6,"Go China Domains, LLC",12/07/2015 16:00,12/07/2027 16:00,02/10/2026 13:14
2cfb78b5-d848-4585-bd20-0bc20839d2ce,design.fail,premium,102.67,102.67,high,medium,6,spaceship,,,02/10/2026 13:14
ba50546c-9b54-40a7-8aba-ac0df98916f7,engineering.boo,premium,249.2,257.92,high,low,11,unstoppable,,,05/10/2026 19:09
3d89ce47-4ace-4763-9668-eec08289a792,engineering.rip,available,18.83,18.83,high,low,11,spaceship,,,05/10/2026 19:09
be71f4e0-261e-4f59-be75-201629b18344,design.vacations,premium,242,242,high,medium,6,namesilo,,,02/10/2026 13:14
22f0ae75-1560-4565-9771-d72841e413dd,design.sbs,premium,310.7,621.2,high,medium,6,spaceship,,,02/10/2026 13:14
e2a289cc-d5fc-43a4-b35c-9217c3a727d6,engineering.game,available,309.99,353.32,high,low,11,dynadot,,,05/10/2026 19:09
dbc7fba2-0b1c-4e45-ae78-5a162ca3c2e4,engineering.voyage,available,58.99,58.99,high,low,11,namesilo,,,05/10/2026 19:09
d4343f9f-3e08-4ced-8b3f-68606086019f,design.claims,available,10.55,51.95,high,medium,6,spaceship,,,02/10/2026 13:14
fc5a0f10-b1fc-4298-9a9d-abb79e7cae04,engineering.hockey,available,47.81,47.81,high,low,11,spaceship,,,05/10/2026 19:09
9ab469ab-6ffd-47fc-a342-5e5d2294201c,design.photography,premium,400.5,512,high,medium,6,unstoppable,,,02/10/2026 13:14
ad87906d-e4c0-4813-a907-2d17c1c64d13,design.pics,premium,672.95,672.95,high,medium,6,spaceship,,,02/10/2026 13:14
e1c2dac4-dade-47b4-a308-a82011bc342f,engineering.best,available,2.35,22.99,high,low,11,namesilo,,,05/10/2026 19:09
663b8a6c-f596-4f86-95ea-bd282ffd034f,engineering.new,available,412.2,412.2,high,low,11,spaceship,,,05/10/2026 19:09
b38fca84-2cd6-4e7f-9fea-e6cd134a3cd2,engineering.storage,available,500.2,500.2,high,low,11,cloudflare,,,05/10/2026 19:09
907a3edf-f5e1-4f6f-a225-f4e4c70ba6b7,engineering.poker,available,5.38,54.02,high,low,11,spaceship,,,05/10/2026 19:09
fbf2465b-67fa-42cf-ae88-602a2e6110bc,engineering.shop,premium,258.95,258.95,high,low,11,spaceship,,,05/10/2026 19:09
a61c1904-8be0-4fcb-ae3e-2c8df0fcac26,engineering.flights,premium,108.9,108.9,high,low,11,dynadot,,,05/10/2026 19:09
14b3fde2-e491-4d88-8101-ba5de6f5fc01,design.boo,premium,1298.7,1298.7,high,medium,6,namecheap,,,02/10/2026 13:14
f0b1a194-417c-4088-9c85-b3b5c5dcfea5,design.talk,premium,1035.2,1035.2,high,medium,6,spaceship,,,02/10/2026 13:14
86c799da-cf9d-479b-b3ad-52e330cd7f27,engineering.love,premium,5520,5520,high,low,11,namesilo,,,05/10/2026 19:09
f22e229c-adf7-4258-8d03-e8929d8363d9,design.diet,premium,672.95,672.95,high,medium,6,spaceship,,,02/10/2026 13:14
0b341698-47e1-4512-9df9-2bfcd858395b,technology.supplies,premium,68.51,68.51,high,low,10,spaceship,,,05/10/2026 20:14
f95d9a3f-e6c2-41fb-b3c0-f00f3b04eca2,technology.parts,premium,102.67,102.67,high,low,10,spaceship,,,05/10/2026 20:14
801593ed-64ff-42dd-b9ff-a74d94319ba9,engineering.reise,available,27.89,97.99,high,low,11,namesilo,,,05/10/2026 19:09
ba38a3c5-2829-4e1f-9a7e-b6f886389b81,engineering.date,available,4.18,5.18,high,low,11,cloudflare,,,05/10/2026 19:09
512c45f5-04d7-4076-806e-766b12e8b717,engineering.organic,available,17,85.99,high,low,11,unstoppable,,,05/10/2026 19:09
45a43989-ef6a-4ded-8ff4-0d61227ff7a9,engineering.discount,premium,128.7,128.7,high,low,11,namecheap,,,05/10/2026 19:09
1a3a5025-42a7-4a3f-90ef-268fbb97f252,engineering.fan,premium,102.67,102.67,high,low,11,spaceship,,,05/10/2026 19:09
a470c800-82fd-44a8-a6a2-6a282e335946,design.green,premium,768,768,high,medium,6,namesilo,,,02/10/2026 13:14
d4854db2-d9c7-4d81-87f7-e99bc988d7b2,engineering.charity,premium,207.2,207.2,high,low,11,spaceship,,,05/10/2026 19:09
4bf0f876-b87c-4d42-bde5-98f91f58dcde,design.email,resell,,,high,medium,6,"Sav.com, LLC - 4",06/12/2023 15:15,06/12/2026 15:15,02/10/2026 13:14
6aaeaa07-45a0-499a-898f-056bf8a930eb,engineering.bingo,available,53.99,53.99,high,low,11,namesilo,,,05/10/2026 19:09
122f52d7-7d88-498a-bd7b-af21037889ea,engineering.living,premium,1107,1107,high,low,11,namesilo,,,05/10/2026 19:09
3b127357-1ce3-4053-a7fb-9bd9ab8b9188,engineering.qpon,premium,53.92,23.54,high,low,11,namesilo,,,05/10/2026 19:09
87cb0b60-989e-45aa-9c83-77e0ac1799db,design.golf,resell,,,high,medium,6,Dynadot Inc,21/09/2026 17:00,21/09/2027 17:00,02/10/2026 13:14
23dca383-1b08-4a0d-9f9e-ad499110236c,design.reisen,premium,23.6,23.6,high,medium,6,namesilo,,,02/10/2026 13:14
26d2c71c-2854-4d7f-bf32-e18ab68a8786,design.mortgage,premium,207.2,207.2,high,medium,6,spaceship,,,02/10/2026 13:14
a3001e1c-c786-42b5-a874-4c57ba07f7c5,engineering.berlin,available,79.98,89.98,high,low,11,namecheap,,,05/10/2026 19:09
76b12d1a-f076-4671-8df2-f4f4fb61db64,design.cheap,resell,,,high,medium,6,Dynadot Inc,15/08/2026 17:00,15/08/2027 17:00,02/10/2026 13:14
a6703df5-2aa1-41b4-9815-c3f781e28e89,design.day,premium,1034.17,1034.17,high,medium,6,spaceship,,,02/10/2026 13:14
bd9177ee-2e67-437d-9115-9b2ae84e17b9,design.adult,premium,,,high,medium,6,,,,02/10/2026 13:14
d3dbc3ce-1dea-4099-8185-2b5f2036bbae,engineering.desi,available,19.98,22.98,high,low,11,namecheap,,,02/10/2026 00:14
5d2f971f-16ff-46aa-8c8b-4c72fc0982a7,design.charity,premium,242,242,high,medium,6,namesilo,,,02/10/2026 13:14
815e921a-f1fa-4f6d-b099-7afeb31b8992,design.academy,resell,,,high,medium,6,"eNom, LLC",19/03/2014 06:03,19/03/2027 06:03,02/10/2026 13:14
51b5e0ac-6fed-4755-b0c5-4a28f14fd622,design.forsale,premium,242,242,high,medium,6,namesilo,,,02/10/2026 13:14
cb619094-d8c4-4c04-8998-62fefd73f40f,design.hiv,available,191.75,191.75,high,medium,6,dynadot,,,02/10/2026 13:14
fa890f58-b1e5-4eaf-895a-717224c009c0,design.video,premium,1107,1107,high,medium,6,namesilo,,,02/10/2026 13:14
7d907126-55be-4d90-b27a-d11d7ced9913,design.creditcard,premium,520,520,high,medium,6,namecheap,,,02/10/2026 13:14
4a816c22-7f95-4ff3-94c5-8ceb2699b28f,design.deals,premium,242,242,high,medium,6,namesilo,,,02/10/2026 13:14
783b46da-53d8-4e02-a466-0a1597ad20ad,design.attorney,premium,4140,4140,high,medium,6,namesilo,,,02/10/2026 13:14
d67d5cd4-7b99-4013-bfdd-ec859c59a435,design.business,resell,,,high,medium,6,Dynadot Inc,10/12/2014 16:00,10/12/2026 16:00,02/10/2026 13:14
f8c45dec-9c78-46f4-a3cb-6339afdb5d88,design.blue,resell,,,high,medium,6,"Spaceship, Inc.",01/05/2015 05:57,01/05/2027 05:57,02/10/2026 13:14
136b9690-4624-4ca7-aa40-4958367413c9,design.tours,resell,,,high,medium,6,Dynadot Inc,01/06/2025 15:15,01/06/2027 15:15,02/10/2026 13:14
4379e772-522e-4d16-8e25-7d12b44c0fe4,design.dealer,premium,1692.6,2183.84,high,medium,6,porkbun,,,02/10/2026 13:14
3d920af9-df8d-4d91-81c7-79defeb339d8,design.directory,premium,,,high,medium,6,"NameCheap, Inc.",08/07/2015 16:00,08/07/2027 16:00,02/10/2026 13:14
dca339fa-c8c8-49db-8617-cd715b34659c,design.soy,premium,516.67,516.67,high,medium,6,spaceship,,,02/10/2026 13:14
0208475f-da70-4cdf-bfe5-36bda913bb05,construction.engineering,premium,118.8,118.8,high,low,12,namesilo,,,03/10/2026 00:58
ca12660a-d2a5-4e41-89a6-898b360406d0,design.juegos,available,368.98,478.98,high,medium,6,namecheap,,,02/10/2026 13:14
a7e30ece-d1b5-422f-b225-74ffe22fd59d,design.cloud,premium,2660,2660,high,medium,6,namesilo,,,02/10/2026 13:14
2f10880d-8ba9-48b3-b558-fb5db2349357,design.protection,available,2000.2,2000.2,high,medium,6,cloudflare,,,02/10/2026 13:14
0c2a870a-6eb0-4edb-869a-22d943d0e6fa,design.phd,premium,1299.2,1688.7,high,medium,6,unstoppable,,,02/10/2026 13:14
ccd8deb6-835e-4e90-b8ec-0b0800459cc0,design.srl,premium,50.6,28.04,high,medium,6,dynadot,,,02/10/2026 13:14
1ffc2444-71da-48c5-b40a-d184fc85e2f9,technology.store,premium,812.5,3250,high,low,10,namecheap,,,05/10/2026 20:14
ee7f6b29-5a07-4dca-9277-e41d7b270ec5,design.kaufen,available,5.99,26.99,high,medium,6,namesilo,,,02/10/2026 13:14
42f053dd-519a-4ef6-b62d-898e2fa35b11,design.fans,premium,258.95,517.7,high,medium,6,spaceship,,,02/10/2026 13:14
04d1c45b-c6d4-4004-a031-0fd3503991f2,technology.ngo,premium,3250,1625,high,low,10,namecheap,,,05/10/2026 20:14
746bad67-ec61-4683-91e9-677f785a0e59,technology.rsvp,premium,516.67,516.67,high,low,10,spaceship,,,05/10/2026 20:14
4e151a37-c67c-4af3-87c5-a01705f3ed76,design.degree,premium,1107,1107,high,medium,6,namesilo,,,02/10/2026 13:14
960af77e-f911-4c4b-a550-fcbdad231589,technology.software,premium,440,440,high,low,10,dynadot,,,05/10/2026 20:14
077a36f0-0097-46b5-93da-4b0437051db1,design.bid,resell,,,high,medium,6,Dynadot Inc,26/07/2019 14:50,26/07/2027 14:50,02/10/2026 13:14
dae49ccd-e6e7-4a3c-94b8-12ad4dacbcd7,technology.global,premium,4000.5,51.95,high,low,10,unstoppable,,,05/10/2026 20:14
1d197629-13e5-44b0-9b96-170390869e5a,design.kitchen,premium,,,high,medium,6,"Spaceship, Inc.",02/08/2024 02:50,02/08/2027 02:50,02/10/2026 13:14
b956f156-135f-46e6-a5b3-cf2654327213,design.football,available,20.9,20.9,high,medium,6,spaceship,,,02/10/2026 13:14
b24418a0-91ae-4062-9290-e048f5ae526b,design.moi,premium,100.5,125,high,medium,6,unstoppable,,,02/10/2026 13:14
4b834ea0-302b-49a8-8457-6e995d8854fb,design.gripe,premium,72.6,72.6,high,medium,6,dynadot,,,02/10/2026 13:14
a90431db-ce00-4d4b-bf42-310faab11e0e,design.top,resell,,,high,medium,6,阿里云计算有限公司,28/07/2015 09:36,28/07/2028 09:36,02/10/2026 13:14
dff308b8-50c0-419e-a1bb-172084d92e58,technology.schule,available,22.97,22.97,high,low,10,spaceship,,,05/10/2026 20:14
bafd2864-ea4d-4bc3-88ea-7093fc3c56d4,technology.creditcard,available,129.2,129.2,high,low,10,spaceship,,,05/10/2026 20:14
6d4a0b67-c9ac-4979-b6c2-1b9a4d610373,technology.lighting,available,23.99,23.99,high,low,10,namesilo,,,05/10/2026 20:14
c0b617f0-60da-474c-a758-88769fe95b73,technology.audio,available,104.99,114.99,high,low,10,namesilo,,,05/10/2026 20:14
28a13ca5-f85c-4217-b2e5-8ef00e02e57d,technology.markets,premium,1300,1300,high,low,10,namecheap,,,05/10/2026 20:14
defffde8-5ab0-46a3-959d-b59056e5f959,design.kim,available,5.38,18.83,high,medium,6,spaceship,,,02/10/2026 13:14
7f929947-d1d7-442b-bcc3-be8fe3dbf519,technology.cam,premium,854,16.52,high,low,10,namesilo,,,05/10/2026 20:14
d5eff9c4-707f-4d4c-94d3-061456fba568,design.vet,resell,,,high,medium,6,Porkbun LLC,21/04/2024 05:17,21/04/2027 05:17,02/10/2026 13:14
65598944-4a8a-45ba-bab6-f78c4399d7c4,technology.flowers,available,93.35,103.4,high,low,10,spaceship,,,05/10/2026 20:14
bad16a71-adc7-4085-87b7-3dcc6d3cffa6,technology.loan,premium,640,77.35,high,low,10,namesilo,,,05/10/2026 20:14
5d00f516-bae7-4a0b-a1da-cdc4bdbeaa7c,design.loans,available,15.73,93.35,high,medium,6,spaceship,,,02/10/2026 13:14
00c9a244-3da0-4033-95a8-2d622986dbae,technology.tech,premium,6900,6900,high,low,10,namesilo,,,05/10/2026 20:14
336d6040-d863-45cd-a3d4-0142c0be4717,design.diy,premium,1449.2,2070.2,high,medium,6,spaceship,,,02/10/2026 13:14
cb43bccd-2bd6-4fa2-986c-764692659866,technology.new,available,412.2,412.2,high,low,10,spaceship,,,05/10/2026 20:14
f9e6360c-806e-4fa7-8d0e-4310b7d6dbc4,technology.florist,available,8.24,26.97,high,low,10,dynadot,,,05/10/2026 20:14
895601cf-a020-40fa-9004-cf0747926582,design.cricket,premium,550,71.5,high,medium,6,dynadot,,,02/10/2026 13:14
187bc964-655b-4c1c-b509-7e642dcd4c67,technology.rehab,premium,207.2,207.2,high,low,10,spaceship,,,05/10/2026 20:14
0b69e49a-f442-47bd-a744-4e711bc9ea7d,technology.credit,available,11.49,104.99,high,low,10,namesilo,,,05/10/2026 20:14
9e05f14c-254e-4028-8f74-1c04ddfdb542,technology.moi,available,25.99,25.99,high,low,10,namesilo,,,05/10/2026 20:14
ca8f3d2c-5575-4fed-9527-b768130ee213,technology.storage,available,509.99,529.99,high,low,10,namesilo,,,05/10/2026 20:14
e88a7f61-5e18-4e02-b747-c8ceb26ee451,technology.reise,available,102.98,127.98,high,low,10,namecheap,,,05/10/2026 20:14
8baabc69-60ee-4b87-b939-d602df1f7671,engineer.builders,resell,,,high,low,8,"GoDaddy.com, LLC",07/04/2019 02:30,07/04/2027 02:30,03/10/2026 22:54
9a6626cd-3f93-4c49-ae48-4b56a66ee834,design.run,resell,,,high,medium,6,"DNSPod, Inc.",08/01/2023 15:15,08/01/2027 15:15,02/10/2026 13:14
e7a8c2ec-93ea-43c7-a5a3-a89e1fd1dca8,design.blackfriday,premium,103.7,27.11,high,medium,6,spaceship,,,02/10/2026 13:14
c4c1abbd-b330-4062-b7eb-7dcca39ad7b7,technology.pink,available,13.5,25.99,high,low,10,unstoppable,,,05/10/2026 20:14
8d20028d-f885-49ce-9120-3a78b71f837a,design.place,resell,,,high,medium,6,"Sav.com, LLC - 2",26/12/2025 15:15,26/12/2026 15:15,02/10/2026 13:14
2262b4c8-f82c-4d79-aeb0-d7688be971f1,technology.pub,resell,,,high,low,10,"Chengdu West Dimension Digital Technology Co., Ltd.",28/01/2018 02:35,28/01/2027 02:35,05/10/2026 20:14
605af222-8801-493e-8a9b-c105542b9745,technology.tienda,available,59.99,59.99,high,low,10,namesilo,,,05/10/2026 20:14
5daec17f-87b7-4930-bb0b-b8e445f5a3ff,technology.furniture,available,27.99,94.99,high,low,10,namesilo,,,05/10/2026 20:14
c3d89880-3637-4965-9ff3-7bf5e8682acf,technology.diet,available,93.35,103.4,high,low,10,spaceship,,,05/10/2026 20:14
00215826-f6a2-47ba-bf63-b7fa2b57e852,design.news,premium,517.7,1035.2,high,medium,6,spaceship,,,02/10/2026 13:14
94b890cd-d0aa-4486-aebe-cb4bbfd01111,technology.zip,premium,59.2,61.27,high,low,10,unstoppable,,,05/10/2026 20:14
a4d18501-69fd-4f2f-aed7-9877253ed8cc,technology.sexy,available,2587.7,2587.7,high,low,10,spaceship,,,05/10/2026 20:14
124f29a5-f50d-4f5b-a7ad-9260364de900,technology.build,premium,1552.7,1552.7,high,low,10,spaceship,,,05/10/2026 20:14
249a39f2-1b02-4b2a-a697-7c97802debb8,technology.fitness,premium,242,242,high,low,10,namesilo,,,05/10/2026 20:14
fb2b4a9b-71c9-433b-8d7a-15f941948f8c,construction.engineer,premium,1035.2,1035.2,high,low,12,spaceship,,,03/10/2026 00:58
bf18d241-042c-4096-81e9-a74747c1645d,design.sarl,premium,36.32,72.57,high,medium,6,porkbun,,,02/10/2026 13:14
041d8fa8-24d1-4179-9c7a-50d45658932e,technology.viajes,available,35.2,35.2,high,low,10,cloudflare,,,05/10/2026 20:14
107bbcfb-9642-486c-b310-b5c57b02f109,technology.casino,available,6.98,191.98,high,low,10,namecheap,,,05/10/2026 20:14
ccd3b188-cc6f-43e7-a057-9ba99a400d7b,engineers.tech,premium,6900,6900,high,low,9,namesilo,,,30/09/2026 21:06
d69a46b8-cb60-4b72-91c1-b11c3146e28e,technology.cool,premium,400.5,414.2,high,low,10,unstoppable,,,05/10/2026 20:14
e24b6f9a-e2ff-47ff-af4d-ceb8085322a9,design.rehab,premium,260,260,high,medium,6,namecheap,,,02/10/2026 13:14
48d0f743-772d-459d-a4e0-670aca280499,technology.digital,resell,,,high,low,10,Dynadot Inc,26/09/2025 18:15,26/09/2027 18:15,05/10/2026 20:14
cfae5068-3abb-4f36-b4bf-876a2448000a,technology.locker,premium,1654.52,8.8,high,low,10,namesilo,,,05/10/2026 20:14
6d548f1b-685b-4a0c-b6ac-e5ebee4e917e,technology.fit,premium,828.2,26.08,high,low,10,spaceship,,,05/10/2026 20:14
0e276dd0-ff66-4961-a276-b6a015c78989,technology.protection,available,1999.99,2049.99,high,low,10,namesilo,,,05/10/2026 20:14
b5d0f705-8a0f-4105-b283-ba3e9e1f3924,design.reise,available,77.83,77.83,high,medium,6,spaceship,,,02/10/2026 13:14
16eb18f4-3b2e-4b7a-8a2f-4520438999f0,design.spot,premium,500.5,550,high,medium,6,unstoppable,,,02/10/2026 13:14
84fd4e15-869d-4a5d-8b96-4b521210f75c,technology.id,resell,,,high,low,10,PT Exabytes Network Indonesia,28/06/2018 00:41,28/06/2027 23:59,05/10/2026 20:14
ea1c38ab-fa30-4c07-9322-6e1d45ac1855,technology.cash,premium,118.8,118.8,high,low,10,namesilo,,,05/10/2026 20:14
a30d5ab6-62af-47f1-89ba-324f91b56e31,design.services,resell,,,high,medium,6,Porkbun LLC,06/09/2018 04:05,06/09/2027 04:05,02/10/2026 13:14
501ea821-21e2-448b-8310-e229b4524126,technology.meme,premium,93.35,93.35,high,low,10,spaceship,,,05/10/2026 20:14
3d09c796-fbb9-40da-9172-0d99875f5a7a,technology.tickets,available,326.21,388.33,high,low,10,spaceship,,,05/10/2026 20:14
522cfcd0-ccb1-433f-8983-9b311bed7df8,design.care,premium,99.5,118.8,high,medium,6,unstoppable,,,02/10/2026 13:14
4beef5b9-a3e7-4604-96cd-fe1570ce1f4e,design.yoga,premium,207.2,26.08,high,medium,6,spaceship,,,02/10/2026 13:14
2d68816d-fc0c-4a89-98b5-d3e32d281c8e,design.catering,premium,128.7,128.7,high,medium,6,namecheap,,,02/10/2026 13:14
cd04f1ff-00ca-423e-86b8-e5151ba8f324,technology.apartments,available,57.99,57.99,high,low,10,namesilo,,,05/10/2026 20:14
a1973798-55ee-483c-af0f-ffc6a8686299,technology.hair,premium,832,832,high,low,10,namesilo,,,05/10/2026 20:14
0ef7329d-fd44-45da-bac1-65cd920c5285,technology.ryukyu,available,17.98,22.98,high,low,10,namecheap,,,05/10/2026 20:14
b1c111e7-7ba0-4603-91b3-60157680c5df,design.cam,premium,520,18.2,high,medium,6,namecheap,,,02/10/2026 13:14
d51f904e-0d7d-4eab-8a45-888bd2e9caa2,design.accountant,premium,385,55,high,medium,6,dynadot,,,02/10/2026 13:14
3408d465-dbd5-412d-b8b0-0fe5288656de,technology.spot,premium,550,550,high,low,10,dynadot,,,05/10/2026 20:14
566005eb-dc90-4938-ac2b-fe7981216a77,technology.land,premium,102.67,102.67,high,low,10,spaceship,,,05/10/2026 20:14
0d6b04b3-5e1a-49e4-9ba7-2a099952b4e3,design.prof,premium,1299.2,1688.7,high,medium,6,unstoppable,,,02/10/2026 13:14
9862b52c-9586-4c5b-be5e-9439b70f9311,design.security,available,2070,2950,high,medium,6,namecheap,,,02/10/2026 13:14
1a9380ec-6967-4120-bef6-3ecccee9fa66,architecture.engineer,premium,1107,1107,high,low,12,namesilo,,,05/10/2026 17:09
f5f9cbdf-8655-4d00-8956-1ce252ac83c2,technology.airforce,available,103.99,103.99,high,low,10,namesilo,,,05/10/2026 20:14
b688a579-b28c-4ca6-9ffd-b9d085303ad2,technology.equipment,resell,,,high,low,10,"Sav.com, LLC",08/09/2020 10:21,08/09/2027 10:21,05/10/2026 20:14
99edcc27-31ca-47ad-a213-859a348e98e6,technology.farm,resell,,,high,low,10,"GoDaddy.com, LLC",11/12/2024 14:54,11/12/2026 14:54,05/10/2026 20:14
03850819-a244-47c5-a37c-a6611bb5d842,technology.page,premium,638.72,638.72,high,low,10,namesilo,,,05/10/2026 20:14
7c10c8d5-c4dd-4a9a-acf4-6be38323e88e,technology.flights,premium,260,260,high,low,10,namecheap,,,05/10/2026 20:14
ff7355dd-a28d-4365-8049-53fff70f7b62,technology.sbs,premium,63.25,126.5,high,low,10,dynadot,,,05/10/2026 20:14
d8a9b3db-3e90-489f-b99a-3a750b8a2a11,technology.mom,premium,845,845,high,low,10,namecheap,,,05/10/2026 20:14
5f30c464-c188-421f-be6a-c36f1acec6cc,technology.tennis,available,51.95,51.95,high,low,10,spaceship,,,05/10/2026 20:14
48002019-4e68-4c4f-a020-bb03ed6f26a0,technology.download,premium,6900,116,high,low,10,namesilo,,,05/10/2026 20:14
88ad8c02-75a9-4185-96bc-99e161d75c57,technology.place,available,22.49,22.49,high,low,10,namesilo,,,05/10/2026 20:14
2e506aeb-1be7-4dca-b84e-97e13adbd2ff,design.rich,available,94.99,1999,high,medium,6,namesilo,,,02/10/2026 13:14
1ab0277c-b6f5-4963-9242-7e77a6ff7e65,design.dad,premium,999.2,1298.7,high,medium,6,unstoppable,,,02/10/2026 13:14
382cbefe-f14f-4427-9c37-1ec302aa45f5,design.website,premium,6900,6900,high,medium,6,namesilo,,,02/10/2026 13:14
1d523d48-4a59-4841-a5a6-b072bcedeef5,design.gay,premium,832,832,high,medium,6,namesilo,,,02/10/2026 13:14
ddfef516-721c-498c-982f-a7a6f810a0a1,technology.network,resell,,,high,low,10,Dynadot Inc,03/05/2018 02:33,03/05/2027 02:33,05/10/2026 20:14
449381e3-5fa5-4c4e-a1ff-2db350eba664,design.theatre,available,509.99,529.99,high,medium,6,namesilo,,,02/10/2026 13:14
487e2a09-486d-41eb-b6aa-1272af1f99c6,innovation.construction,resell,,,high,medium,10,Dynadot Inc,22/01/2026 17:00,22/01/2027 17:00,05/10/2026 23:49
04ac6737-3381-4bb7-8ee3-06f397a01b7b,design.money,resell,,,high,medium,6,Dynadot Inc,03/11/2024 17:00,03/11/2027 17:00,05/10/2026 08:34
e4a42c40-bc17-483c-99d4-ceecaab407e0,design.lifestyle,premium,1449.2,2070.2,high,medium,6,spaceship,,,02/10/2026 13:14
52ebd963-1bbf-44a5-b58e-1885bba02675,technology.press,premium,1995,1995,high,low,10,namesilo,,,05/10/2026 20:14
99f0245b-9411-4177-b16f-18c279c5c578,technology.limo,available,42.2,42.2,high,low,10,cloudflare,,,05/10/2026 20:14
50298676-978e-42fa-a9e3-40b356d9278a,engineer.supply,premium,102.67,102.67,high,low,8,spaceship,,,03/10/2026 22:54
5b8cf7bb-c46a-425e-9f7d-55a4722ffc35,technology.security,available,1999.99,2049.99,high,low,10,namesilo,,,05/10/2026 20:14
4de0af65-88f8-41e1-a7b6-685dcc83c1d1,innovation.cloud,premium,2750,5500,high,medium,10,dynadot,,,05/10/2026 23:49
9bbc9aca-c8e4-42c5-8dfa-d1b00c3431a2,design.us,resell,,,high,medium,6,"NameSilo, LLC",24/04/2002 14:00,23/04/2027 23:59,02/10/2026 13:14
a44f6d62-2f1b-41dd-8d75-b4a77c918b8b,design.support,resell,,,high,medium,6,"Spaceship, Inc.",15/07/2015 20:38,15/07/2027 20:38,02/10/2026 13:14
703b7622-c697-4b09-b8aa-dd1f7830de94,technology.reisen,available,3.99,20.99,high,low,10,namesilo,,,05/10/2026 20:14
78f1913a-cc4f-4072-8715-67e0c06270d5,technology.gay,resell,,,high,low,10,"GoDaddy.com, LLC",01/06/2023 14:34,01/06/2027 14:34,05/10/2026 20:14
331b94ab-75ca-415e-a1c8-3977aa95af82,technology.paris,available,66.98,66.98,high,low,10,namecheap,,,05/10/2026 20:14
689a651a-d775-4d20-92c1-567bcc4f5203,technology.cloud,premium,2587.7,5175.2,high,low,10,spaceship,,,05/10/2026 20:14
79f227fe-0ffb-48e0-9360-80bb7e62750a,technology.poker,available,52.2,52.2,high,low,10,cloudflare,,,05/10/2026 20:14
019a161a-dbc1-4513-9b83-f555058effaf,technology.futbol,available,5.57,14.13,high,low,10,dynadot,,,05/10/2026 20:14
196db482-b72d-4dc6-9bd3-0642a3abce86,technology.site,premium,1375,5500,high,low,10,dynadot,,,05/10/2026 20:14
d649a49a-cb7c-4b0e-8102-1370db6a7454,design.audio,premium,832,832,high,medium,6,namesilo,,,02/10/2026 13:14
bf354c58-5219-4ff2-9a71-3a4198fa8b32,design.dentist,premium,102.67,102.67,high,medium,6,spaceship,,,02/10/2026 13:14
5ba6efad-4bc4-4e35-a5d0-eb6c7e38ed54,technology.kaufen,available,5.99,26.99,high,low,10,namesilo,,,05/10/2026 20:14
4811e234-d367-45a9-8038-b2ad52fe16c3,engineer.network,resell,23.1,46.2,high,low,8,Dynadot Inc,20/06/2026 19:17,20/06/2027 19:17,03/10/2026 22:54
84f164fc-5b95-454a-824a-17f62bfa9cb4,design.love,premium,8280,8280,high,medium,6,namesilo,,,02/10/2026 13:14
341bd585-330e-4254-b0f8-065762fe9005,design.makeup,premium,832,832,high,medium,6,namesilo,,,02/10/2026 13:14
8cc48283-0a66-4ab4-a49b-7c82e2bdb657,technology.bar,premium,576,576,high,low,10,namesilo,,,05/10/2026 20:14
f565617f-fd19-4b9b-bf52-1391c1bcd43d,architecture.ninja,available,15.99,30.99,high,low,12,namesilo,,,05/10/2026 17:09
5d4ea070-2b86-471d-9758-fb1d956efc69,technology.gives,available,14.99,23.99,high,low,10,namesilo,,,05/10/2026 20:14
4414f220-c8af-40af-ba5d-693c8d6aa3bd,technology.voting,available,978.6,978.6,high,low,10,dynadot,,,05/10/2026 20:14
5b493939-4b08-45ee-9d70-616e9b346958,design.voto,available,10.92,58,high,medium,6,dynadot,,,02/10/2026 13:14
64febc1d-167d-4c23-a9aa-5cffaf6c9876,technology.church,resell,,,high,low,10,"Name.com, Inc.",01/06/2020 15:26,01/06/2027 15:26,05/10/2026 20:14
e1d23f52-73b7-483f-80d2-0d80546a1133,design.city,premium,207.2,414.2,high,medium,6,spaceship,,,02/10/2026 13:14
c90052aa-731d-4900-b150-f8a83cdcdaff,technology.diamonds,available,42.2,42.2,high,low,10,cloudflare,,,05/10/2026 20:14
54095bc6-2f49-420c-ad0b-1c38d56cecbe,innovation.parts,premium,102.67,102.67,high,medium,10,spaceship,,,05/10/2026 23:49
2e91fcf2-ef1f-42c6-8f63-23c5f1812bc4,technology.moda,available,41.99,41.99,high,low,10,namesilo,,,05/10/2026 20:14
e942fcff-0754-449f-92d9-0470e5cb115d,technology.study,premium,6900,6900,high,low,10,namesilo,,,05/10/2026 20:14
db64b85b-4c9b-41cb-910a-d45444178474,design.doctor,resell,,,high,medium,6,"Sav.com, LLC - 9",17/04/2026 15:15,17/04/2027 15:15,02/10/2026 13:14
af86884d-87cb-4169-be7f-25118d843580,design.hair,premium,832,832,high,medium,6,namesilo,,,02/10/2026 13:14
976da22a-abb5-49e8-b9ae-a0f8619f9098,design.film,premium,650,650,high,medium,6,namecheap,,,02/10/2026 13:14
e7fa86ac-6fbf-4a6f-a168-981fcac94ce6,design.ski,premium,135.2,135.2,high,medium,6,namecheap,,,02/10/2026 13:14
8b4fe6b9-32cc-4b00-b215-afce6d5a3532,engineer.kitchen,premium,400.5,512,high,low,8,unstoppable,,,03/10/2026 22:54
2ecae870-5559-409d-a9a4-65d8a84af30f,technology.healthcare,premium,242,242,high,low,10,namesilo,,,05/10/2026 20:14
ac8476c4-c8c8-4244-bbd8-1f972e0ad9cf,design.miami,premium,4140.2,18.83,high,medium,6,spaceship,,,02/10/2026 13:14
6087d589-5a36-4130-b25f-ee06922b7404,technology.qpon,premium,3450,23.54,high,low,10,namesilo,,,05/10/2026 20:14
2d970f0c-2840-464d-a4a6-117959522bc7,construction.rentals,resell,,,high,low,12,"GoDaddy.com, LLC",30/03/2021 00:04,30/03/2027 00:04,03/10/2026 00:58
d0585b30-dd6d-4947-a9d9-9be26a14c341,design.lawyer,premium,4140,4140,high,medium,6,namesilo,,,02/10/2026 13:14
c88d9d06-a1d0-49eb-9d50-4b3edb30e35c,design.delivery,resell,,,high,medium,6,IONOS SE,29/05/2016 20:50,29/05/2027 20:50,02/10/2026 13:14
b48c42d6-c220-41d7-8cf3-16c80abaad03,engineer.ai,resell,,,high,low,8,Dynadot Inc,16/12/2017 01:11,03/08/2030 01:11,03/10/2026 22:54
9034b19e-75cf-4c4e-8ad9-184d8fc998ad,technology.villas,premium,102.67,102.67,high,low,10,spaceship,,,05/10/2026 20:14
12d5274c-5617-4318-89ba-00eb75edb533,technology.domains,premium,220,220,high,low,10,dynadot,,,05/10/2026 20:14
581f167e-0069-4d7f-af23-e2b058d25ea9,engineer.pink,available,20.2,20.2,high,low,8,cloudflare,,,03/10/2026 22:54
92d3a58f-90f5-443d-8df8-cc6800115711,technology.shiksha,premium,768,768,high,low,10,namesilo,,,05/10/2026 20:14
51aff06c-eff8-4837-a740-c6f6256735d5,design.lgbt,premium,2200,2200,high,medium,6,dynadot,,,02/10/2026 13:14
f8f93e47-f75b-445e-b981-812ac114715d,technology.vacations,premium,260,260,high,low,10,namecheap,,,05/10/2026 20:14
37b3b622-2ad9-4558-926e-7ee833b0fdee,design.channel,premium,1034.17,1034.17,high,medium,6,spaceship,,,02/10/2026 13:14
4f637cbb-eda9-43fa-b641-7c41f7235969,technology.rent,premium,517.7,517.7,high,low,10,spaceship,,,05/10/2026 20:14
e23b8ff2-6c0c-4c88-a43b-5ce38c356c78,design.supplies,premium,828.2,828.2,high,medium,6,spaceship,,,02/10/2026 13:14
2ac43326-f067-4715-9298-b49d3f1153a2,technology.love,premium,2898.2,4140.2,high,low,10,spaceship,,,05/10/2026 20:14
d41e59a7-fe2f-429a-a577-b8a5dcf1c78f,design.foo,premium,1034.17,1034.17,high,medium,6,spaceship,,,02/10/2026 13:14
92245975-0923-4693-bc02-cf42dd8a2e2a,design.date,premium,384,53.92,high,medium,6,namesilo,,,02/10/2026 13:14
b53a4554-a00b-4b5c-9fc9-740b37c7ec06,technology.movie,available,36.43,279.65,high,low,10,spaceship,,,05/10/2026 20:14
c0201888-0441-469d-8aee-c60a30828ecd,design.army,premium,512,512,high,medium,6,namesilo,,,02/10/2026 13:14
271fc024-4a89-4476-8bfe-62e10bba1658,engineers.engineer,resell,,,high,low,9,Dynadot Inc,22/04/2024 20:20,22/04/2027 20:20,30/09/2026 21:06
0f101560-81d1-4324-a4a2-63aba12ad144,design.cars,available,1999.99,2199,high,medium,6,namesilo,,,02/10/2026 13:14
0d959e09-6ccc-47b6-8f0f-296ba8d2a765,technology.diy,premium,640,640,high,low,10,namesilo,,,05/10/2026 20:14
2cdca74c-e58a-466d-b1b6-f0e6d776716e,technology.international,resell,,,high,low,10,Dynadot Inc,02/07/2020 23:18,02/07/2027 23:18,05/10/2026 20:14
3d5c7c0f-6fea-414b-82e5-536b55f6883a,technology.cyou,resell,,,high,low,10,Dynadot Inc,23/01/2026 01:47,23/01/2027 23:59,05/10/2026 20:14
ce43db26-0fc6-454b-b134-187fd5e12d3e,architecture.design,premium,2070.2,2070.2,high,low,12,spaceship,,,05/10/2026 17:09
c946538b-ee51-45fe-9697-4c3ab8138352,technology.holdings,premium,207.2,207.2,high,low,10,spaceship,,,05/10/2026 20:14
927c6163-20e1-4ccf-914c-f19269850871,design.mba,resell,,,high,medium,6,"Name.net, Inc.",02/09/2015 16:00,02/09/2027 16:00,02/10/2026 13:14
07fd946c-6d28-4ea1-a609-9a07e7bbd600,engineer.photos,available,15.99,29.99,high,low,8,namesilo,,,03/10/2026 22:54
db3c1013-6164-454b-9245-fd512f47c9a7,design.flowers,premium,,,high,medium,6,,,,02/10/2026 13:14
f037b30e-829f-4de4-9c94-b2de066f98c4,construction.expert,resell,,,high,low,12,"Sav.com, LLC - 22",02/01/2025 15:15,02/01/2027 15:15,03/10/2026 00:58
f73f3c1b-bbaf-4bfc-b902-f3e28e6da4f9,engineer.furniture,available,27.99,94.99,high,low,8,namesilo,,,03/10/2026 22:54
153a160d-7ead-4d38-823a-b3ef6b3d57aa,innovation.how,available,27,20.84,high,medium,10,unstoppable,,,05/10/2026 23:49
ed4b99a0-fe4f-43a3-954a-181e440350b8,architecture.agency,resell,,,high,low,12,"Sav.com, LLC - 5",14/06/2022 13:15,14/06/2027 13:15,05/10/2026 17:09
0631f799-beeb-40c4-ad81-5ce5bb1f143b,technology.fun,premium,3450,3450,high,low,10,namesilo,,,05/10/2026 20:14
ec159573-c97a-4cd7-bd2d-1b347625f61b,innovation.pink,available,5.89,20.9,high,medium,10,spaceship,,,05/10/2026 23:49
84d66ee3-8f2a-4720-9c85-40da7b560965,design.tools,resell,,,high,medium,6,"Sav.com, LLC - 49",09/09/2022 13:15,09/09/2032 13:15,02/10/2026 13:14
c9813424-176c-433a-bc59-5ed09d74bdad,design.science,premium,3450,116,high,medium,6,namesilo,,,02/10/2026 13:14
0e958b81-4c78-4a0d-9539-c1e9f5e893c7,technical.io,resell,,,high,low,9,"GoDaddy.com, LLC",11/09/2023 19:18,11/09/2027 19:18,02/10/2026 12:55
c34dc8d0-fde3-449c-a7b3-571bc1fd10c6,engineer.lighting,available,8.24,19.48,high,low,8,dynadot,,,03/10/2026 22:54
51f6150f-dee6-4e82-8223-b1278c98dc02,technology.capital,premium,78.54,78.54,high,low,10,namesilo,,,05/10/2026 20:14
e9287129-2939-41d5-82de-0bde773c8e9c,technology.rest,premium,409.5,585,high,low,10,namecheap,,,05/10/2026 20:14
4a0c22ad-1f6f-4cf1-b2ad-5348cf572c85,design.zip,premium,1034.17,1034.17,high,medium,6,spaceship,,,02/10/2026 13:14
9e8ae662-de1e-4d4b-b16a-803637f101c6,technology.tires,available,5.99,78.99,high,low,10,namesilo,,,05/10/2026 20:14
bc012b9e-e89e-4706-9aca-4d05e17eefaf,innovation.pizza,available,10.81,52.01,high,medium,10,porkbun,,,05/10/2026 23:49
83d57f9a-bcc9-463f-8ea8-3f7316f4c0dd,innovation.gripe,available,6.99,6.99,high,medium,10,namesilo,,,05/10/2026 23:49
aa55f926-e1e6-4c5d-9e9e-018ca227cb51,technology.art,premium,3105.2,72.65,high,low,10,spaceship,,,05/10/2026 20:14
76db898a-f972-4bc1-b950-1fec07f61a5d,technology.talk,premium,517.7,517.7,high,low,10,spaceship,,,05/10/2026 20:14
393a6e90-0333-47e9-8d00-e663ddfcb668,technology.dad,premium,516.67,516.67,high,low,10,spaceship,,,05/10/2026 20:14
a9ca3c7a-00b0-4872-9445-c28c1817cc63,innovation.zip,premium,129.2,133.72,high,medium,10,unstoppable,,,05/10/2026 23:49
135182ea-de52-4f9d-b5e8-ee12094f2092,architecture.pink,available,14.49,25.99,high,low,12,namesilo,,,05/10/2026 17:09
f19c0929-8f0e-4bce-a835-960043657268,technology.productions,premium,99.5,118.8,high,low,10,unstoppable,,,05/10/2026 20:14
297cf036-2d6d-46d6-91f9-f71fb16ae9ee,construction.international,available,8.48,25.04,high,low,12,spaceship,,,03/10/2026 00:58
7e601719-9564-499c-9a23-28bb7409638d,engineer.futbol,available,7.49,17.99,high,low,8,namesilo,,,03/10/2026 22:54
61363f0e-bf4c-4b9d-aa57-d8cddd864b4b,design.auto,available,1999.99,2199,high,medium,6,namesilo,,,02/10/2026 13:14
57c2d182-0635-416c-95ef-aec777736f52,design.rest,premium,819,1170,high,medium,6,namecheap,,,02/10/2026 13:14
dbe817c7-6663-4647-af39-52ba3ddd9eb2,construction.tours,available,5.98,81.98,high,low,12,namecheap,,,03/10/2026 00:58
344ac966-d442-4e4f-b16a-279050d86c16,technology.ong,premium,2750,1375,high,low,10,dynadot,,,05/10/2026 20:14
78890eac-49bf-4f65-8798-3c2ac5c14823,engineer.rip,available,18.83,18.83,high,low,8,spaceship,,,03/10/2026 22:54
13881788-acc0-4582-8245-e4fc173b2886,engineer.college,premium,517.7,517.7,high,low,8,spaceship,,,03/10/2026 22:54
816b9fdf-58b2-4710-a332-603b5c0748d3,innovation.paris,available,66.98,66.98,high,medium,10,namecheap,,,05/10/2026 23:49
97dd8161-1296-4211-b0dc-0cfb732742f1,innovation.support,resell,,,high,medium,10,"Spaceship, Inc.",18/07/2026 17:02,18/07/2027 17:02,05/10/2026 23:49
d2515026-f748-4709-9449-5985b6dcfa47,innovation.autos,resell,,,high,medium,10,Dynadot Inc,09/02/2026 21:52,09/02/2027 23:59,05/10/2026 23:49
d3705c8a-f3b0-4b7f-9ce9-27e1bb4738c6,innovation.deal,premium,130,130,high,medium,10,namecheap,,,05/10/2026 23:49
b9228627-353a-455e-95a9-759c3558cff7,design.uno,premium,2587.7,2587.7,high,medium,6,spaceship,,,02/10/2026 13:14
f6acbeea-65ed-425d-8dca-82a7a2fad69f,construction.porn,available,51.95,98.53,high,low,12,spaceship,,,03/10/2026 00:58
54b8201c-db53-40f7-9c95-c84bd7157412,innovation.forsale,premium,68.51,68.51,high,medium,10,spaceship,,,05/10/2026 23:49
4643a9f4-bf54-4006-ae3c-d61be0ceabf7,engineer.memorial,available,41.71,41.71,high,low,8,porkbun,,,03/10/2026 22:54
fefb5aa9-7cf0-4099-a6a3-73a9a9aee87e,design.partners,resell,,,high,medium,6,"Spaceship, Inc.",13/08/2020 18:12,13/08/2027 18:12,02/10/2026 13:14
09ababff-8307-4016-b215-09c43cbd9f9a,engineer.consulting,premium,103.7,207.2,high,low,8,spaceship,,,03/10/2026 22:54
f07b431a-8920-4c52-b2c7-112d9247f111,technology.desi,available,19.98,22.98,high,low,10,namecheap,,,02/10/2026 16:11
ef447102-d042-4d30-801e-cf70f05716dc,design.auction,premium,1035.2,1035.2,high,medium,6,spaceship,,,02/10/2026 13:14
4eef05c2-b5d5-468b-8858-c093e6e1c574,construction.bargains,premium,78.54,78.54,high,low,12,namesilo,,,03/10/2026 00:58
703cbb9d-cafa-4643-a8e2-2f187ac1c19f,engineer.reise,available,27.89,97.99,high,low,8,namesilo,,,03/10/2026 22:54
ea144a59-b570-45c4-ad38-ed4f2161d17e,engineer.tennis,available,67.98,81.98,high,low,8,namecheap,,,03/10/2026 22:54
720aad22-e7e5-46e2-89a4-e3b6ab1ee0da,technology.design,premium,250.5,258.95,high,low,10,unstoppable,,,05/10/2026 20:14
cbd341c6-2d96-46eb-8203-5a429d7522e3,engineer.press,premium,325,650,high,low,8,namecheap,,,03/10/2026 22:54
765d8923-310c-4a83-a2cf-c671520a49f2,construction.capital,resell,,,high,low,12,"Sav.com, LLC - 18",09/06/2024 15:15,09/06/2027 15:15,03/10/2026 00:58
af4d7c43-90b5-45ef-829c-c4ae68c96f6a,innovation.page,premium,318.72,318.72,high,medium,10,namesilo,,,05/10/2026 23:49
55672823-ef1c-4947-a071-397c30ac74f1,construction.bingo,available,53.99,53.99,high,low,12,namesilo,,,03/10/2026 00:58
14144f8e-acbc-48b3-b602-2386a21370fc,technology.channel,premium,648.7,648.7,high,low,10,namecheap,,,05/10/2026 20:14
a7512c81-f265-4239-b587-4d57689e457b,innovation.enterprises,resell,,,high,medium,10,"Sav.com, LLC - 7",17/12/2025 15:15,17/12/2026 15:15,05/10/2026 23:49
9fbed06b-080a-4a4f-8b24-1f35fc1452c0,engineer.us,resell,,,high,low,8,"GoDaddy.com, LLC",24/04/2002 14:02,23/04/2027 23:59,03/10/2026 22:54
840b92c6-aa86-40cd-852c-b20df1851e57,construction.eco,premium,7762.7,59.71,high,low,12,spaceship,,,03/10/2026 00:58
374ebc0d-94bc-4d8f-909b-706b96d9e0fb,technology.hospital,available,57.99,57.99,high,low,10,namesilo,,,05/10/2026 20:14
d3462891-172b-47c4-8b6b-edc55769d540,blueprint.science,premium,3450,116,high,high,9,namesilo,,,29/09/2026 11:42
1f148380-0c64-47cc-972f-7e8cd7e464e7,engineer.directory,premium,23.6,23.6,high,low,8,namesilo,,,03/10/2026 22:54
f69eb1a8-721c-43e0-809c-1a2607582fb6,technology.pictures,available,12.62,12.62,high,low,10,spaceship,,,05/10/2026 20:14
446e5ade-2de7-474c-a067-e954c4562c02,innovation.rehab,available,29.18,29.18,high,medium,10,spaceship,,,05/10/2026 23:49
d82eccff-b4e1-465e-b21c-96548ffb6921,engineer.webcam,premium,640,77.35,high,low,8,namesilo,,,03/10/2026 22:54
52af9517-95ce-4024-b4ae-461c44980411,engineer.ryukyu,available,17.98,22.98,high,low,8,namecheap,,,03/10/2026 22:54
b28e7589-57e8-4e7a-b9df-1983c8b3c2d3,design.investments,available,6.41,103.7,high,medium,6,spaceship,,,02/10/2026 13:14
922c2321-b5c3-4ed3-a245-2071fd92bb28,engineer.rehab,available,36.99,36.99,high,low,8,namesilo,,,03/10/2026 22:54
451cb813-baac-4a0b-a797-6c26ccd52665,technology.immobilien,available,37.99,37.99,high,low,10,namesilo,,,05/10/2026 20:14
f30651d3-d54a-4b47-aa19-3615ee77d22f,engineer.biz,resell,,,high,low,8,"Spaceship, Inc.",27/08/2022 17:41,27/08/2027 17:41,03/10/2026 22:54
cd00cf1a-0393-4388-998b-9aef197130fd,construction.car,available,1999.99,2199,high,low,12,namesilo,,,03/10/2026 00:58
ad922f83-725f-4cce-8f65-d95e82943c46,construction.tires,available,5.99,78.99,high,low,12,namesilo,,,03/10/2026 00:58
cb0cc03d-98c1-4c74-8a95-a4c4c14bacd1,design.pw,premium,1107,1107,high,medium,6,namesilo,,,02/10/2026 13:14
303882c3-2278-42cb-9922-64ebe04cee3c,construction.house,premium,99.5,128.7,high,low,12,unstoppable,,,03/10/2026 00:58
e4d76e61-0967-464e-8ef7-170ed5e7157e,construction.sex,available,52.01,98.35,high,low,12,porkbun,,,03/10/2026 00:58
d9948a41-8ab4-4f91-b5bf-f30db93cd4cd,construction.hamburg,available,69.98,73.98,high,low,12,namecheap,,,03/10/2026 00:58
a9b97d89-004d-4970-9660-3b7cd1fb1563,development.contractors,available,35.49,35.49,high,low,11,namesilo,,,05/10/2026 05:37
4e62a321-e635-4998-b785-bf7e870c5845,construction.press,premium,640,640,high,low,12,namesilo,,,03/10/2026 00:58
46471762-66d5-4e7d-a9bc-ee424294e17d,innovation.builders,resell,,,high,medium,10,Dynadot Inc,22/01/2026 17:01,22/01/2027 17:01,05/10/2026 23:49
35d57826-58ca-4b77-98e3-928c942cfdcf,technology.fan,premium,102.67,102.67,high,low,10,spaceship,,,05/10/2026 20:14
88cde0bb-8955-432f-aee1-22cc79ea3c07,innovation.menu,available,27.99,27.99,high,medium,10,namesilo,,,05/10/2026 23:49
d7527313-9889-4903-bb65-7f064a129aee,construction.new,available,412.2,412.2,high,low,12,spaceship,,,03/10/2026 00:58
390a0f0b-8571-468f-9df1-a6370e9f8cc0,design.works,resell,,,high,medium,6,"Global Domains International, Inc. DBA DomainCostClub.com",09/08/2015 16:00,09/08/2028 16:00,02/10/2026 13:14
75eeaa8e-5ec7-477e-8c59-517447cf87f1,engineer.game,available,279.65,341.75,high,low,8,spaceship,,,03/10/2026 22:54
17ce4f2f-5569-46de-b2fc-cf5b03df97d7,engineer.free,premium,517.7,517.7,high,low,8,spaceship,,,03/10/2026 22:54
b502cfe4-89db-4f18-80ab-7ceb5236bb49,construction.fit,premium,96,29.5,high,low,12,namesilo,,,03/10/2026 00:58
8f9c37ef-e21d-4b88-a0c8-54051388ae15,construction.shopping,premium,520,520,high,low,12,namecheap,,,03/10/2026 00:58
f7f79193-bf48-476c-8cac-3a8612b34514,construction.club,resell,,,high,low,12,"Spaceship, Inc.",07/05/2014 15:01,06/05/2027 23:59,03/10/2026 00:58
05c340ab-7292-4d54-9614-b41389351a85,engineer.archi,available,13.14,83,high,low,8,spaceship,,,03/10/2026 22:54
cc2b4b93-655e-4b9d-b779-80ebd94494e4,engineer.wedding,premium,47.2,29.5,high,low,8,namesilo,,,03/10/2026 22:54
ad1c7550-7d60-4353-baf1-1f9a81355e43,blueprint.ink,premium,325,325,high,high,9,namecheap,,,29/09/2026 11:42
905e5bb5-d870-47c3-ba6f-b57b970ae0ce,technology.me,resell,,,high,low,10,"GoDaddy.com, LLC",29/04/2008 18:03,29/04/2027 18:03,05/10/2026 20:14
ad7c9feb-f40d-4b52-93e4-0e44a7bd874a,technology.com,resell,,,high,low,10,Dynadot Inc,13/12/1994 05:00,12/12/2032 05:00,05/10/2026 20:14
244a5665-05c0-4e37-9f82-997b7e644d78,innovation.guide,resell,,,high,medium,10,"Spaceship, Inc.",03/12/2020 08:14,03/12/2026 08:14,05/10/2026 23:49
0ca9ee4b-8577-48b7-af74-3a4ee4f340c9,engineer.global,premium,2640,80.47,high,low,8,dynadot,,,03/10/2026 22:54
dbea713a-6afb-435d-8e32-93f47b9cd02e,construction.dance,available,16.99,27.49,high,low,12,namesilo,,,03/10/2026 00:58
b7eb6124-e918-4cb5-8bb0-4685bd5e2fcb,construction.republican,available,5.98,43.98,high,low,12,namecheap,,,03/10/2026 00:58
b57936b6-244e-4b77-98bb-bd98c000cd59,construction.theater,available,51.95,51.95,high,low,12,spaceship,,,03/10/2026 00:58
39df17a0-088f-4732-bfa7-288db8bc11f9,construction.supply,resell,,,high,low,12,"Sav.com, LLC - 11",20/02/2025 15:15,20/02/2027 15:15,03/10/2026 00:58
9d5d6b7c-d88b-4013-9406-6c72798dbc34,design.id,resell,,,high,medium,6,PT Exabytes Network Indonesia,20/09/2020 00:25,20/09/2027 23:59,02/10/2026 13:14
26a8c0f0-159a-41ad-9e2e-8f29eb1cf00a,design.organic,available,17.99,85.99,high,medium,6,namesilo,,,02/10/2026 13:14
c23015ec-f1af-4963-ba21-d1612333ccfa,design.condos,premium,414.2,414.2,high,medium,6,spaceship,,,02/10/2026 13:14
2eaccd41-9371-4ddf-932a-31a2d5545332,design.webcam,premium,116,29.5,high,medium,6,namesilo,,,02/10/2026 13:14
01a5278b-2440-406a-ae72-73980a18df3e,engineer.dad,premium,257.92,257.92,high,low,8,spaceship,,,03/10/2026 22:54
22a84e6a-6ed0-4e68-ae1f-c63f106af69f,innovation.hospital,available,57.99,57.99,high,medium,10,namesilo,,,05/10/2026 23:49
9042c5f6-0f85-4375-9962-fbcee3d492cc,innovation.osaka,available,32.98,41.98,high,medium,10,namecheap,,,05/10/2026 23:49
a586b380-bc67-4aa2-967d-f34dbfc3264f,construction.rich,available,94.99,1999,high,low,12,namesilo,,,03/10/2026 00:58
39ff975c-9bc9-44fc-bbfe-dc661d248f64,architecture.network,resell,,,high,low,12,"Global Domains International, Inc. DBA DomainCostClub.com",08/03/2015 21:27,08/03/2027 21:27,05/10/2026 17:09
3d82c951-daa1-410e-9d64-31a4e7f54d17,construction.camp,premium,414.2,414.2,high,low,12,spaceship,,,03/10/2026 00:58
975899f9-8f18-4b6e-9cae-8a71b95500e2,engineer.llc,premium,500.5,640,high,low,8,unstoppable,,,03/10/2026 22:54
142434bf-5ef2-4e13-bfa1-29875dbf6106,manufacturing.builders,available,35.99,35.99,high,low,13,namesilo,,,01/10/2026 02:43
f76fa140-b5d9-49ee-90d2-80258acfdbd9,construction.green,premium,1100,1100,high,low,12,dynadot,,,03/10/2026 00:58
d41bb638-1320-4f45-84df-9ad1f4782ee7,engineers.equipment,available,22.97,22.97,high,low,9,spaceship,,,30/09/2026 21:06
3b9e8263-18fb-4cec-b1c4-184cf5e8ef6b,design.kids,premium,310.7,18.83,high,medium,6,spaceship,,,02/10/2026 13:14
6e8209fa-d85b-417c-a004-0f8b127fc97d,engineer.watch,premium,200.5,207.2,high,low,8,unstoppable,,,03/10/2026 22:54
ac192441-ae52-480d-9844-3de4f24a5cee,construction.bz,available,16.79,16.79,high,low,12,porkbun,,,03/10/2026 00:58
1120b8c0-baec-43fc-94de-161dbedd9f5a,architecture.science,premium,103.7,26.08,high,low,12,spaceship,,,05/10/2026 17:09
668263fb-f000-4154-8c04-10670fe74ef1,innovation.accountants,available,93.35,93.35,high,medium,10,spaceship,,,05/10/2026 23:49
ed4af94a-3dbb-407d-a6d2-55bbbea1acf5,innovation.tickets,available,326.21,388.33,high,medium,10,spaceship,,,05/10/2026 23:49
41b4a051-89ba-4238-903c-afc6809b1945,construction.democrat,available,5.57,26.97,high,low,12,dynadot,,,03/10/2026 00:58
2f9e8e1e-7f05-42c4-a230-cc1b59156f2d,architecture.ngo,available,15.2,15.2,high,low,12,cloudflare,,,05/10/2026 17:09
bb4b9811-78e2-496c-822e-a754a296751c,engineer.voyage,available,46.78,46.78,high,low,8,spaceship,,,03/10/2026 22:54
25775a28-b012-4ad6-ae1b-3ed952d8877e,engineer.yoga,available,32.49,32.49,high,low,8,namesilo,,,03/10/2026 22:54
accb77b4-1cc0-4176-9217-87739955271e,technology.fail,premium,207.2,207.2,high,low,10,spaceship,,,05/10/2026 20:14
e7553859-2bc4-48df-973d-9fe8f2ecb4a0,engineer.flights,premium,118.8,118.8,high,low,8,namesilo,,,03/10/2026 22:54
48594a90-4868-41d7-9005-0f1702ddf91f,innovation.irish,available,7,18.02,high,medium,10,unstoppable,,,05/10/2026 23:49
60d65b75-c725-4ff6-b9bb-ca43494c2b71,construction.direct,available,17.99,41.99,high,low,12,namesilo,,,03/10/2026 00:58
4394725b-b522-401a-b47a-713c4d07f40d,engineer.store,premium,812.5,3250,high,low,8,namecheap,,,03/10/2026 22:54
0b117b43-babc-4b1b-978b-8642eb0d15d5,design.cruises,premium,220,220,high,medium,6,dynadot,,,02/10/2026 13:14
0f6b8d77-19be-4748-8a3f-a74ffd8c4f84,innovation.cricket,premium,448,53.92,high,medium,10,namesilo,,,05/10/2026 23:49
4c3af9e4-effa-41a3-a572-998b1b29d547,technology.barcelona,available,25.04,25.04,high,low,10,spaceship,,,05/10/2026 20:14
9d47147b-9f83-45d4-a16e-785b5aca277d,engineer.shiksha,premium,640,640,high,low,8,namesilo,,,03/10/2026 22:54
9aa88a5b-eae2-43f9-a1c7-8fa0d276c709,development.engineer,premium,1107,1107,high,low,11,namesilo,,,05/10/2026 05:37
714ef374-8ddb-4927-85c8-7c42342b0457,construction.shop,premium,640,640,high,low,12,namesilo,,,03/10/2026 00:58
12fa91ef-3d9e-4319-baa5-0997ba09566b,engineer.graphics,available,18.83,18.83,high,low,8,spaceship,,,03/10/2026 22:54
34b92d1d-8596-46ba-a056-c56a73e00dd3,innovation.lgbt,available,10.92,66.56,high,medium,10,dynadot,,,05/10/2026 23:49
22f9375f-2898-4b02-99b5-91b243747cf3,design.realty,premium,1811.45,2587.7,high,medium,6,spaceship,,,02/10/2026 13:14
fb4f3411-39c4-4d1f-ae74-2218a57b3212,architecture.cyou,premium,68.43,147.2,high,low,12,namesilo,,,05/10/2026 17:09
0efa2611-df4c-45f1-8446-aac10c5f3072,technology.hosting,available,279.65,341.75,high,low,10,spaceship,,,05/10/2026 20:14
409e2b0b-3c2f-47d1-8904-adad92027000,construction.host,premium,640,640,high,low,12,namesilo,,,03/10/2026 00:58
9f474a89-d64e-40cb-82f9-906776c5cf49,structure.contractors,available,35.49,35.49,high,low,9,namesilo,,,05/10/2026 18:22
7e0a50ed-fd3c-4781-9ac7-dd09004aae1b,design.food,premium,2660,2660,high,medium,6,namesilo,,,02/10/2026 13:14
97d36b3b-8bc2-45a9-a464-e5d0e8ab3990,technology.live,premium,2750,2750,high,low,10,dynadot,,,05/10/2026 20:14
0c9a36f1-34a9-42b7-a35d-ff7e5e3007e8,construction.cooking,available,26.97,26.97,high,low,12,dynadot,,,03/10/2026 00:58
5fb5b1a5-e13e-4899-9d83-a6df982daa55,innovation.qpon,available,2.19,11.49,high,medium,10,namesilo,,,05/10/2026 23:49
b36096d2-4ddc-49df-85b3-a1b1e10ee0bd,engineer.industries,premium,118.8,118.8,high,low,8,namesilo,,,03/10/2026 22:54
aebc9db2-c584-45a3-9949-3f4803bbbc7f,engineer.phd,premium,340.72,340.72,high,low,8,spaceship,,,03/10/2026 22:54
cdd7c7a2-fcce-4d0f-ac93-c2a5e0454cff,design.living,premium,1449.2,2070.2,high,medium,6,spaceship,,,02/10/2026 13:14
433fff91-eb59-40f3-b459-7609a63a0ee2,construction.energy,resell,,,high,low,12,"Sav.com, LLC - 18",23/04/2024 15:15,23/04/2027 15:15,03/10/2026 00:58
d79509a7-ffab-423e-bbd0-ce92edf00a5f,construction.country,available,2140.22,2140.22,high,low,12,dynadot,,,03/10/2026 00:58
e88801e8-427b-4b7e-bc7b-d102d601eb41,design.reviews,premium,828.2,828.2,high,medium,6,spaceship,,,02/10/2026 13:14
0d9a0233-fdec-41a9-b656-a6817af1a312,construction.inc,premium,2061.5,2660,high,low,12,namesilo,,,03/10/2026 00:58
39886a45-3810-42f9-82bb-d9afbb32b38a,innovation.cooking,available,26.08,26.08,high,medium,10,spaceship,,,05/10/2026 23:49
980864f8-8131-40b1-927c-ce964e2f440b,machinery.engineering,available,16.99,64.99,high,low,9,namesilo,,,05/10/2026 18:41
283f36aa-ce92-473d-83c2-f85649bb26c3,innovation.community,resell,,,high,medium,10,"Sav.com, LLC",22/06/2026 15:03,22/06/2027 15:03,05/10/2026 23:49
83e6a9c3-86d0-47be-a1a6-96b612511f15,innovation.estate,available,30.2,30.2,high,medium,10,cloudflare,,,05/10/2026 23:49
e2b5c922-0ed8-43d2-9103-f4b346960cbf,construction.day,premium,323.7,323.7,high,low,12,namecheap,,,03/10/2026 00:58
70e21755-22da-42c3-924b-67f74c4d5d23,construction.gg,resell,,,high,low,12,Dynadot Inc. (https://www.dynadot.com),,,03/10/2026 00:58
7b1a64d1-1fc7-4578-96a6-665cadeff25e,innovation.company,resell,,,high,medium,10,"Spaceship, Inc.",30/08/2025 15:15,30/08/2027 15:15,05/10/2026 23:49
3d5c1abe-0872-461f-9bd0-b5f57b4b374a,machinery.io,resell,,,high,low,9,"GoDaddy.com, LLC",25/02/2019 10:20,25/02/2027 10:20,05/10/2026 18:41
0c55a734-e193-456c-8cfc-8e4a900dd61e,technology.coffee,available,16.99,42.99,high,low,10,namesilo,,,05/10/2026 20:14
a4004c7d-575b-40eb-bd86-73add3841e44,engineer.army,available,18.99,39.99,high,low,8,namesilo,,,03/10/2026 22:54
84d5a558-6e09-48b6-8055-f087b6cf0723,architecture.condos,available,61.98,72.98,high,low,12,namecheap,,,05/10/2026 17:09
eede02ed-85a1-4a14-9774-4ebd3a9b4266,construction.tel,resell,,,high,low,12,"Name.com, Inc.",03/02/2009 16:02,22/03/2027 23:59,03/10/2026 00:58
687acd23-c8f0-44b9-bd8e-8cea2108fe93,technology.company,resell,,,high,low,10,"GoDaddy.com, LLC",24/06/2015 16:00,24/06/2027 16:00,05/10/2026 20:14
1c69443d-e371-44cc-88e5-9a849b17a768,engineer.paris,available,66.98,66.98,high,low,8,namecheap,,,03/10/2026 22:54
34f9143b-ad01-4173-a064-9c52239ccd7f,engineer.maison,available,57.99,57.99,high,low,8,namesilo,,,03/10/2026 22:54
800cd49e-c4c2-4ae3-b579-f54a338da08a,engineer.date,premium,310.7,51.95,high,low,8,spaceship,,,03/10/2026 22:54
4552ccb3-1dcd-4fd2-908f-4f62e74bcaf5,technology.rodeo,available,12.99,12.99,high,low,10,namesilo,,,05/10/2026 20:14
035b434a-67a8-43cb-be1f-9ed5d0ae4763,production.engineering,resell,,,high,low,10,Dynadot Inc,21/11/2017 23:32,21/11/2026 23:32,26/09/2026 08:21
f5bd39ea-da66-4473-b75b-91d868c6518b,engineer.you,premium,550,550,high,low,8,dynadot,,,03/10/2026 22:54
c1c50848-69de-4f49-b6ac-cf1e15889ce6,architecture.marketing,premium,85.8,85.8,high,low,12,namecheap,,,05/10/2026 17:09
533d421a-e144-4e58-b80a-e05f0bf92e51,construction.cc,resell,,,high,low,12,"22net, Inc.",24/07/2013 08:04,24/07/2027 08:04,03/10/2026 00:58
79438e73-abe9-42eb-bb10-6883aa7b13c1,engineer.fans,premium,51.95,103.7,high,low,8,spaceship,,,03/10/2026 22:54
00f9e675-8d22-4717-a095-ec4fa34a5aa4,design.photo,premium,116,116,high,medium,6,namesilo,,,02/10/2026 13:14
225a3580-5d4a-484d-9eee-2fdcdb474afb,structure.build,premium,517.7,517.7,high,low,9,spaceship,,,05/10/2026 18:22
2ba53455-d51d-4c24-9dfe-e2ccc2b26b61,machinery.supplies,available,24.99,24.99,high,low,9,namesilo,,,05/10/2026 18:41
b1e6fd85-144f-4ee7-a250-634bd329ed56,construction.hiv,available,195.99,195.99,high,low,12,namesilo,,,03/10/2026 00:58
6a49ad6b-73fb-46b9-8ba6-7abc80fcc996,architecture.center,premium,207.2,207.2,high,low,12,spaceship,,,05/10/2026 17:09
334f6f10-bc37-4ad3-aa79-0ee312162137,innovation.organic,available,17,68.49,high,medium,10,unstoppable,,,05/10/2026 23:49
3a835999-24a6-4b1d-9f3b-6eefeaf9836f,construction.store,premium,3450,3450,high,low,12,namesilo,,,03/10/2026 00:58
e25c02d9-237e-41e8-948f-8047f7865bc6,construction.auction,premium,1300,1300,high,low,12,namecheap,,,03/10/2026 00:58
ec0230e1-81a0-4368-a3cc-360ad5d89865,engineer.menu,available,26.97,26.97,high,low,8,dynadot,,,03/10/2026 22:54
5e6292de-f32a-443d-b898-957b1faac873,architecture.cash,available,12.99,38.99,high,low,12,namesilo,,,05/10/2026 17:09
011bb63e-983d-46fb-963a-605ad09d3c29,design.bayern,premium,1027.97,257.38,high,medium,6,porkbun,,,02/10/2026 13:14
8f4f0268-4d65-4249-88b2-e85f19200852,architecture.irish,available,5.38,17.8,high,low,12,spaceship,,,05/10/2026 17:09
281b788c-8104-4cec-85a7-6c3ab2f3ec66,technology.voto,available,10.55,55.93,high,low,10,spaceship,,,05/10/2026 20:14
2e433fb0-c4fb-44a5-9c55-e7503b372b34,blueprint.voting,available,1398,1448,high,high,9,namecheap,,,29/09/2026 11:42
37f03c00-7175-43ce-90ff-5d15676a57d3,construction.tax,resell,,,high,low,12,"GoDaddy.com, LLC",14/01/2019 22:25,14/01/2027 22:25,03/10/2026 00:58
a41fef63-05f1-48a5-b44c-6bd672ed35a1,technology.democrat,available,5.38,26.08,high,low,10,spaceship,,,05/10/2026 20:14
9586c9e0-2a75-4e0b-b655-e4efd0090e86,engineer.immo,available,34.99,34.99,high,low,8,namesilo,,,03/10/2026 22:54
6ca7428f-5ba0-42b0-b92b-a311326061fb,design.sale,premium,207.2,207.2,high,medium,6,spaceship,,,02/10/2026 13:14
2ab1c21d-a41a-432c-a706-0cb796f44786,architecture.rest,premium,163.8,234,high,low,12,namecheap,,,05/10/2026 17:09
f709e37b-3882-4a7a-9315-71951315da26,innovation.men,premium,362.45,51.95,high,medium,10,spaceship,,,05/10/2026 23:49
33204e5f-faac-4020-9f7e-863065e55d2f,technology.dating,available,11.59,51.95,high,low,10,spaceship,,,05/10/2026 20:14
0cdb2be2-1480-4746-b180-cd06b01e8569,blueprint.vana,available,2060.25,2060.25,high,high,9,porkbun,,,29/09/2026 11:42
13163b78-266b-478c-b2df-3d6a91a6a158,technology.men,premium,385,55,high,low,10,dynadot,,,05/10/2026 20:14
176345ea-50e5-401d-87ff-6a600362474a,design.flights,premium,128.7,128.7,high,medium,6,namecheap,,,02/10/2026 13:14
cec124c1-1605-4f21-ae8f-365737f6d66b,technology.faith,premium,6500,130,high,low,10,namecheap,,,05/10/2026 20:14
9a6c1615-a3dc-4d5c-9c7c-aacd0bc5e776,construction.plus,resell,,,high,low,12,"Chengdu West Dimension Digital Technology Co., Ltd.",07/04/2017 07:45,07/04/2027 07:45,03/10/2026 00:58
1da7e29e-972f-4558-a14c-22ca6a6ef6cc,production.foo,premium,76.7,76.7,high,low,10,namecheap,,,19/09/2026 18:56
3222ff9e-e83e-4bde-a5a0-fdfea9c09c99,innovation.press,premium,258.95,517.7,high,medium,10,spaceship,,,05/10/2026 23:49
91e822bd-5c31-4d9b-a7c1-dd4fb8b0cf8d,architecture.black,available,50.2,50.2,high,low,12,cloudflare,,,05/10/2026 17:09
fa7fef5b-5389-4855-91e3-ee49d770feea,innovation.cards,available,38.99,38.99,high,medium,10,namesilo,,,05/10/2026 23:49
31898edf-2161-49ce-ba35-281a1c94f6fd,technology.games,premium,220,220,high,low,10,dynadot,,,05/10/2026 20:14
768b685b-5b92-40cc-8fee-7b3f1e121aa9,design.nexus,premium,999.2,1248.75,high,medium,6,unstoppable,,,02/10/2026 13:14
275d3f26-2c3c-48e6-9a49-a7c868eea8af,architecture.glass,available,76.98,99.98,high,low,12,namecheap,,,05/10/2026 17:09
4e840403-9914-4a99-8727-439cf5185ba3,innovation.video,premium,517.7,1035.2,high,medium,10,spaceship,,,05/10/2026 23:49
7572d0b0-9ab3-4b72-9d28-dfc0d572fa8e,innovation.ing,premium,672.95,672.95,high,medium,10,spaceship,,,05/10/2026 23:49
2c9593e5-905e-4aef-b53f-21ffa1cd65e5,innovation.insure,available,5.57,60.14,high,medium,10,dynadot,,,05/10/2026 23:49
bf247ba2-ea2e-48d8-8166-29163185ce2a,technology.forsale,premium,520,520,high,low,10,namecheap,,,05/10/2026 20:14
44892812-b1b8-493e-b352-1951162d36b7,construction.channel,premium,323.7,323.7,high,low,12,namecheap,,,03/10/2026 00:58
eced2f84-a509-42b7-ae08-a5cdd5d7a9f5,blueprint.pics,resell,,,high,high,9,,,,29/09/2026 11:42
2574d0b7-c093-409d-be8f-b892dd60f8b9,engineer.dentist,available,65.99,65.99,high,low,8,namesilo,,,03/10/2026 22:54
ca15a260-646d-4a59-b88d-4b6edc30f9c4,architecture.express,available,9,31.25,high,low,12,spaceship,,,05/10/2026 17:09
c1a182eb-8665-42f8-833a-d3b7d85c056d,design.immobilien,available,37.99,37.99,high,medium,6,namesilo,,,02/10/2026 13:14
15776214-b513-4803-8547-aa8a7dea661f,engineer.bot,resell,,,high,low,8,Unstoppable Domains Inc.,15/11/2023 02:08,15/11/2027 02:08,03/10/2026 22:54
dd1edfee-87ef-41c1-806b-b4e2ca37b3e2,architecture.degree,premium,1035.2,1035.2,high,low,12,spaceship,,,05/10/2026 17:09
c0484604-6b58-401a-b8fc-5beb9f8244ba,architecture.trading,available,16.2,16.2,high,low,12,cloudflare,,,05/10/2026 17:09
98c2fb80-da8f-45fa-997a-52524c4c0765,technology.degree,premium,1107,1107,high,low,10,namesilo,,,05/10/2026 20:14
3d098e2e-008b-4691-887f-c8bed301a571,innovation.name,available,8.98,9.98,high,medium,10,namecheap,,,05/10/2026 23:49
e15086a9-0fa6-4457-a92d-d13cdf894aab,innovation.homes,premium,2600,2600,high,medium,10,namecheap,,,05/10/2026 23:49
289280c2-280c-4aa6-b6a1-ddbcbcbd5ba6,innovation.law,resell,,,high,medium,10,"GoDaddy.com, LLC",31/07/2020 18:26,31/07/2027 18:26,05/10/2026 23:49
5d082508-fe82-4a87-a3d5-7791f0f08b24,design.markets,premium,414.2,414.2,high,medium,6,spaceship,,,02/10/2026 13:14
2af7b35c-d6d3-430a-94d8-26beb4ad38e5,design.discount,premium,34.36,34.36,high,medium,6,spaceship,,,02/10/2026 13:14
24d0d35d-73bb-44df-868e-9efbd0b9c86d,technology.vet,premium,118.8,118.8,high,low,10,namesilo,,,05/10/2026 20:14
9f90f241-476c-4d99-bd38-505a1779036e,engineers.photography,available,28.2,28.2,high,low,9,cloudflare,,,30/09/2026 21:06
412e2c50-b285-49e8-84e4-d46027c9ba12,architecture.cruises,available,43.2,43.2,high,low,12,cloudflare,,,05/10/2026 17:09
41ae4607-519f-4c0b-9cdf-a444fe8de414,innovation.flowers,available,93.35,103.4,high,medium,10,spaceship,,,05/10/2026 23:49
a7bfb4df-bed6-418a-a1d1-b69befe9f05d,engineer.studio,premium,207.2,414.2,high,low,8,spaceship,,,03/10/2026 22:54
02828bdb-5b94-4f38-919d-54951868598f,engineer.glass,available,56.2,56.2,high,low,8,cloudflare,,,03/10/2026 22:54
2bb1fdbc-9053-4b34-b9a1-0cde6f9879c0,blueprint.channel,premium,30.22,30.22,high,high,9,spaceship,,,29/09/2026 11:42
74f67241-5698-4c3c-8a4c-fcfe8b2b5c84,engineer.ltda,premium,52.8,30.18,high,low,8,dynadot,,,03/10/2026 22:54
9ea9d8dd-f2a3-400e-90bc-8ab675a6c94d,innovation.gratis,available,18.2,18.2,high,medium,10,cloudflare,,,05/10/2026 23:49
5c3fbe5a-4304-4fba-9933-09498377be36,technology.fyi,resell,,,high,low,10,"GoDaddy.com, LLC",04/08/2023 04:38,04/08/2027 04:38,05/10/2026 20:14
df851e9e-9935-46b0-bb96-798472c9bf07,technology.blog,premium,640,2660,high,low,10,namesilo,,,05/10/2026 20:14
8c29e3f6-2975-47c2-b487-836cfb57a915,design.locker,premium,10350.2,31.25,high,medium,6,spaceship,,,02/10/2026 13:14
67e19bbc-322a-47ff-b74e-cb4528a76fc8,innovation.sexy,available,2587.7,2587.7,high,medium,10,spaceship,,,05/10/2026 23:49
724cb5ea-08f0-4fa5-b8d3-e633c7cb336c,innovation.reise,available,27.89,97.99,high,medium,10,namesilo,,,05/10/2026 23:49
4063b1c9-0cb0-451c-a896-4939900237b4,design.vana,available,2298,2498,high,medium,6,namecheap,,,02/10/2026 13:14
c5f0d739-4299-450d-b3da-87e1f256fea8,blueprint.fishing,available,32.49,32.49,high,high,9,namesilo,,,29/09/2026 11:42
77a3205f-658f-4beb-919b-36c9bf387045,engineer.skin,available,1.24,13.97,high,low,8,spaceship,,,03/10/2026 22:54
e3fd9ca1-b24d-427b-ae93-bb12b6f0ddf6,architecture.yachts,available,1.24,13.97,high,low,12,spaceship,,,05/10/2026 17:09
014594b8-9f2c-4d96-9bf5-a53b39c0a772,technology.ing,premium,650.2,672.95,high,low,10,unstoppable,,,05/10/2026 20:14
3e8fe5b9-b745-4088-8f50-88b65737e332,technology.racing,premium,130,130,high,low,10,namecheap,,,05/10/2026 20:14
6e918e24-3e4f-4b5c-962e-8ee75b52289d,construction.cat,available,18.27,24.29,high,low,12,dynadot,,,03/10/2026 00:58
cd340965-38e6-4a54-a828-a3fe72bc430e,design.media,resell,,,high,medium,6,"Spaceship, Inc.",18/06/2015 03:35,18/06/2027 03:35,02/10/2026 13:14
1b6989c7-6c88-4544-81fa-ca5f7b6f1e57,technology.fishing,premium,88,26.97,high,low,10,dynadot,,,05/10/2026 20:14
0f489cfa-74ac-4cf0-a2a6-3e1530ad5e9c,blueprint.free,available,40,,high,high,9,unstoppable,,,29/09/2026 11:42
10a8d4ca-0271-45de-b676-3028297417ab,construction.report,premium,1040,1040,high,low,12,namecheap,,,03/10/2026 00:58
4173edd1-372a-4c26-9b4e-98a826d2fa68,technology.cleaning,premium,102.67,102.67,high,low,10,spaceship,,,05/10/2026 20:14
c27024cc-ebaa-4f76-92cb-20f046d4e6c4,innovation.study,premium,640,640,high,medium,10,namesilo,,,05/10/2026 23:49
b43d04c3-ab26-4add-b9e8-130bceff752d,manufacturing.construction,available,30.2,30.2,high,low,13,cloudflare,,,01/10/2026 02:43
4adbf628-9d85-41f9-b56b-93f391b1c3ad,engineer.insure,available,72.99,72.99,high,low,8,namesilo,,,03/10/2026 22:54
92309434-da9f-487b-8a9d-44fe6c5ab553,architecture.dance,available,10.48,36.98,high,low,12,namecheap,,,05/10/2026 17:09
77186cf0-1876-4759-a27f-8ab8b4ef2574,engineers.studio,available,13.14,32.29,high,low,9,spaceship,,,30/09/2026 21:06
abdd876c-d8ed-495d-9656-d83dae70698a,architecture.capital,premium,242,242,high,low,12,namesilo,,,05/10/2026 17:09
565745c3-b476-41e1-9194-ae86aa758812,production.builders,available,34.98,43.98,high,low,10,namecheap,,,19/09/2026 18:56
09e45408-bbbd-42f5-9bf4-adcdaa1c18f3,innovation.hockey,available,47.81,47.81,high,medium,10,spaceship,,,05/10/2026 23:49
91e6ca2d-54b5-4cff-b546-acb8627dca6f,technology.space,premium,2587.7,10350.2,high,low,10,spaceship,,,05/10/2026 20:14
d0d5de86-2731-4d1d-b45b-d959f2319244,construction.sbs,premium,68.43,147.2,high,low,12,namesilo,,,03/10/2026 00:58
d113ee3e-e704-4b48-a9f7-bfa05721663c,design.hosting,premium,1729,1729,high,medium,6,namesilo,,,02/10/2026 13:14
ff81af97-2dac-43a9-81e8-804c7edae441,innovation.quest,resell,,,high,medium,10,Dynadot Inc,27/06/2026 00:13,27/06/2027 23:59,05/10/2026 23:49
5e121d67-afbd-486e-a759-259d79b43e43,design.plumbing,premium,414.2,414.2,high,medium,6,spaceship,,,02/10/2026 13:14
6d149df3-9589-4e24-ad85-ff8d143672a8,engineer.bio,resell,,,high,low,8,"Spaceship, Inc.",07/12/2024 17:00,07/12/2026 17:00,03/10/2026 22:54
3c145792-f4ba-48d9-bded-e581ec39eb01,construction.auto,available,1999.99,2199,high,low,12,namesilo,,,03/10/2026 00:58
d11e0db3-7009-4617-984a-cfcc534c1d37,engineer.foo,premium,129.2,133.72,high,low,8,unstoppable,,,03/10/2026 22:54
ff5ae5a8-8066-495e-a7eb-99a855e42807,architecture.maison,available,57.99,57.99,high,low,12,namesilo,,,05/10/2026 17:09
4786ef61-b8cd-49f3-acfb-02b33571d105,design.gold,resell,,,high,medium,6,Xin Net Technology Corporation,10/04/2018 07:47,10/04/2027 07:47,02/10/2026 13:14
69c82951-f4dc-48de-9fa7-3a6bc5d1974e,construction.charity,premium,207.2,207.2,high,low,12,spaceship,,,03/10/2026 00:58
3bb80b9d-4aa7-4dd7-9fde-21fee9fe17eb,architecture.insure,available,56.2,56.2,high,low,12,cloudflare,,,05/10/2026 17:09
a88a3495-36c8-4d37-a3cb-d215d54d8d04,engineer.broker,available,10.55,29.18,high,low,8,spaceship,,,03/10/2026 22:54
1dd75450-7b41-4d98-a31b-3a9c2cc68403,architecture.cab,available,26.08,26.08,high,low,12,spaceship,,,05/10/2026 17:09
4029b652-35b9-4d03-8671-f90c0b7810a3,design.rentals,premium,260,260,high,medium,6,namecheap,,,02/10/2026 13:14
44528a96-6b60-4f33-aa0e-389064e78c0f,design.esq,premium,1688.7,1688.7,high,medium,6,namecheap,,,02/10/2026 13:14
12a3148c-6b18-40f2-b319-5648fb93189a,construction.hockey,available,46.2,46.2,high,low,12,cloudflare,,,03/10/2026 00:58
b21b999b-6d4a-4cbb-ac33-08228a1aaaad,innovation.click,premium,116,116,high,medium,10,namesilo,,,05/10/2026 23:49
554a0610-14db-4a4b-8d56-48711887a508,architecture.villas,available,47.81,47.81,high,low,12,spaceship,,,05/10/2026 17:09
24bba1f7-161e-448c-be85-1fc09cedff45,architecture.catering,available,31.25,31.25,high,low,12,spaceship,,,05/10/2026 17:09
1f620e01-7d61-4948-8520-75f694fe8b15,technology.properties,premium,207.2,207.2,high,low,10,spaceship,,,05/10/2026 20:14
6cf791d3-de65-4486-b913-dfa79940c2da,innovation.actor,available,34.2,34.2,high,medium,10,cloudflare,,,05/10/2026 23:49
62e96eda-328c-49d7-b1b1-b311e23540b3,machinery.contractors,available,35.49,35.49,high,low,9,namesilo,,,05/10/2026 18:41
458017d0-d50c-4f67-b457-d2062577d566,architecture.limited,available,36.99,36.99,high,low,12,namesilo,,,05/10/2026 17:09
c0580a89-a524-4af9-adce-df9ec9d06b4d,construction.cars,available,1863.2,2064.2,high,low,12,spaceship,,,03/10/2026 00:58
a21b3f1e-99e7-44ff-a6d3-0da2535a7a4c,technology.living,premium,362.45,517.7,high,low,10,spaceship,,,05/10/2026 20:14
1dafa7d6-10ed-4c10-843e-e4fb8d28da0e,construction.you,premium,546.35,546.35,high,low,12,porkbun,,,03/10/2026 00:58
b2d4baf7-9cff-456d-a19d-8790a17d4bca,innovation.giving,available,6.41,22.39,high,medium,10,spaceship,,,05/10/2026 23:49
95bc4a66-b5ad-4acf-9b60-687127b17e5c,technology.car,available,2140.22,2140.22,high,low,10,dynadot,,,05/10/2026 20:14
2d55900a-e045-4be2-a081-308cdaa2df95,blueprint.properties,premium,34.36,34.36,high,high,9,spaceship,,,29/09/2026 11:42
5c7d2e1b-7121-4f95-a84f-23c0e5da6a59,engineer.republican,available,5.38,26,high,low,8,spaceship,,,03/10/2026 22:54
92702006-0c10-43f3-ba43-8c4b61f631c5,construction.university,premium,102.67,102.67,high,low,12,spaceship,,,03/10/2026 00:58
a76effcb-dce1-4db1-88cc-d1f38f668800,innovation.tienda,available,47.81,47.81,high,medium,10,spaceship,,,05/10/2026 23:49
8aada2bc-f2e4-4ce0-b020-50e38049b5cd,automation.technology,resell,,,high,medium,10,Dynadot Inc,23/09/2024 15:15,23/09/2027 15:15,05/10/2026 10:56
77a56c80-9bd4-4aea-8c75-6cc846831698,design.observer,premium,11700,11700,high,medium,6,namecheap,,,02/10/2026 13:14
0b061f01-d522-4809-9526-c9838ba2a27a,architecture.biz,resell,,,high,low,12,Sav.com LLC,14/06/2022 08:39,14/06/2027 08:39,05/10/2026 17:09
12637c3a-6941-4b94-8246-1c55320c8ab7,technology.tv,resell,,,high,low,10,Dynadot Inc,08/06/2007 08:01,08/06/2027 08:01,05/10/2026 20:14
40ce26ab-eeb3-4d26-9fd1-dd039360c30b,design.red,resell,,,high,medium,6,"Sav.com, LLC - 6",17/07/2023 17:00,17/07/2027 17:00,02/10/2026 13:14
6a8ff6d5-3145-4fbd-b49a-f42920953572,architecture.style,resell,,,high,low,12,"Global Domains International, Inc. DBA DomainCostClub.com",16/04/2026 22:10,16/04/2027 22:10,05/10/2026 17:09
54ef7af9-79c7-4812-8804-5a2ed1393f9f,prototype.tech,resell,,,high,low,9,,,,28/09/2026 14:03
b9e7f146-c7f4-4560-833d-bcbc7850299a,engineers.energy,available,5.38,93.35,high,low,9,spaceship,,,30/09/2026 21:06
2ffd6394-7db9-425a-ad22-a15a33fec859,engineer.plus,resell,,,high,low,8,"DNSPod, Inc.",29/02/2024 15:15,28/02/2027 15:15,03/10/2026 22:54
b938fc40-ef82-48d9-ab2d-90d3cea9c431,construction.style,premium,128.7,128.7,high,low,12,namecheap,,,03/10/2026 00:58
d8c60d3d-781c-4c41-84d0-1a4848fd09db,innovation.events,resell,,,high,medium,10,"Sav.com, LLC - 17",22/01/2026 15:16,22/01/2027 15:16,05/10/2026 23:49
4ad290d8-0138-4e27-8e64-928893adc392,architecture.financial,premium,99.5,,high,low,12,unstoppable,,,05/10/2026 17:09
d88c5ac8-8c3c-4d60-954d-8d3ef6dd119f,design.fishing,premium,44,26.97,high,medium,6,dynadot,,,02/10/2026 13:14
7224b4fb-eba1-415c-9d8e-a0969c870db6,architecture.build,premium,1552.7,1552.7,high,low,12,spaceship,,,05/10/2026 17:09
9de4fd9b-ccfd-4d99-b602-e1ea98ccd3dc,design.guitars,premium,672.95,672.95,high,medium,6,spaceship,,,02/10/2026 13:14
80875933-9a8c-4bfc-8ad8-1245f36ca607,engineer.creditcard,available,129.2,129.2,high,low,8,spaceship,,,03/10/2026 22:54
e3f7553b-58eb-4b63-a5c0-4fbd230520a6,engineer.live,premium,260,520,high,low,8,namecheap,,,03/10/2026 22:54
911f8e4e-e5eb-45fc-9c0f-8071741dbcce,engineers.solar,available,51.95,51.95,high,low,9,spaceship,,,30/09/2026 21:06
705060e5-e277-4660-96e2-324a4786502c,engineer.condos,premium,54.36,108.6,high,low,8,porkbun,,,03/10/2026 22:54
a30a0640-c87a-4379-97a5-238e3b7710cb,architecture.win,premium,448,53.92,high,low,12,namesilo,,,05/10/2026 17:09
9e10230d-acab-4e42-9e8c-3229f51d56ed,blueprint.faith,premium,640,77.35,high,high,9,namesilo,,,29/09/2026 11:42
954101bd-512d-4f21-9e09-dacdd8840f8c,innovation.airforce,available,103.99,103.99,high,medium,10,namesilo,,,05/10/2026 23:49
e92b73f0-a697-4888-b247-c2dcd78bede0,construction.properties,premium,854,854,high,low,12,namesilo,,,03/10/2026 00:58
27879fcb-3e48-49aa-9c69-b8300241b75f,design.diamonds,premium,414.2,414.2,high,medium,6,spaceship,,,02/10/2026 13:14
ae5f460c-d9ef-4a7d-b44b-217abb3b0679,architecture.travel,available,23.98,186.98,high,low,12,namecheap,,,05/10/2026 17:09
fa101d09-582b-46f3-b8da-659d068b2a13,blueprint.online,premium,273.44,1092.18,high,high,9,porkbun,,,29/09/2026 11:42
56d40166-97c9-4ad5-86fd-0d79f0099970,innovation.camera,available,46.78,46.78,high,medium,10,spaceship,,,05/10/2026 23:49
f8c6265a-4f63-45ba-84e8-bff762335139,innovation.rent,available,10.3,52.01,high,medium,10,porkbun,,,05/10/2026 23:49
fdf80f6a-e209-4f04-87e1-86657c7b4615,construction.realty,premium,3622.7,5175.2,high,low,12,spaceship,,,03/10/2026 00:58
493546d2-d784-49b8-bf22-99cc796e8fe8,industry.tech,premium,647.08,2587.7,high,medium,8,spaceship,,,06/10/2026 02:16
3cb20638-8438-4ace-bf40-2dbe7e9483f9,technology.cfd,premium,59.71,119.23,high,low,10,spaceship,,,05/10/2026 20:14
0289c241-af25-4cd0-a4b5-444f8df21af4,engineer.mx,resell,,,high,low,8,GoDaddy.com,25/01/2010 00:00,24/01/2027 00:00,03/10/2026 22:54
51abfa22-676e-4045-9a53-9999fdb460f0,architecture.properties,premium,220,220,high,low,12,dynadot,,,05/10/2026 17:09
5cd913e4-8ebc-4736-bd2a-b2913fafdd04,innovation.hosting,available,300.2,300.2,high,medium,10,cloudflare,,,05/10/2026 23:49
6e25608d-e935-4b56-ad4b-ae5e07a05135,engineer.camp,available,49.88,49.88,high,low,8,spaceship,,,03/10/2026 22:54
49cdeb84-6ff7-403d-ae47-4cd22deb98c9,innovation.review,premium,2587.7,103.7,high,medium,10,spaceship,,,05/10/2026 23:49
02974898-37c4-4f0a-b0a8-33e074d70818,design.country,available,2064.2,2064.2,high,medium,6,spaceship,,,02/10/2026 13:14
5f8c399d-b1ac-4b45-ba47-c42105de2b2d,engineer.racing,premium,116,116,high,low,8,namesilo,,,03/10/2026 22:54
d24d020f-2aae-4f98-b991-14cff0261431,architecture.fm,available,67.98,87.72,high,low,12,spaceship,,,05/10/2026 17:09
70fce0e8-4580-44b8-97f0-9ad33d32df06,technology.uno,premium,6900,6900,high,low,10,namesilo,,,05/10/2026 20:14
afd53c98-fa5d-4adc-b86c-5a47f125b5aa,innovation.so,resell,,,high,medium,10,SOSTEC TECHNOLOGIES_LR,30/03/2024 05:02,30/03/2026 05:02,
64ebf6ab-32a0-44d5-a4c3-4700c92a0e0f,construction.recipes,available,8.99,77.99,high,low,12,namesilo,,,03/10/2026 00:58
c14fb35e-6706-492e-8898-5e2e7e400a16,engineer.dental,available,62.3,62.3,high,low,8,spaceship,,,03/10/2026 22:54
7ff3a7cd-858f-4051-ac98-fc094381ef4c,technology.bot,premium,3450,3450,high,low,10,namesilo,,,05/10/2026 20:14
c2bff7b1-514a-4270-991d-3350fd10b93c,technology.hamburg,available,69.98,73.98,high,low,10,namecheap,,,05/10/2026 20:14
c1b93d71-31d3-4e90-b389-ca94be717c41,innovation.ac,resell,,,high,medium,10,Key-Systems GmbH,25/06/2026 15:15,25/06/2028 15:15,05/10/2026 23:49
5c97a2ce-8837-43e6-a648-ad4213bc3f9b,innovation.cars,available,1863.2,2064.2,high,medium,10,spaceship,,,05/10/2026 23:49
41272d9e-1204-4506-bfa5-a6ab006dc4fa,engineer.cooking,available,32.49,32.49,high,low,8,namesilo,,,03/10/2026 22:54
fedd18bd-5ab5-477a-8f5e-81dd47759c75,engineer.rentals,premium,260,260,high,low,8,namecheap,,,03/10/2026 22:54
9b03b8c3-6028-45dc-a7a7-7b04999c05e3,technology.click,premium,116,116,high,low,10,namesilo,,,05/10/2026 20:14
cf59e152-f426-4c12-a64e-ebbaefe5e051,architecture.rentals,available,10.99,44.49,high,low,12,namesilo,,,05/10/2026 17:09
88072e61-6526-483f-890d-d1b184f043b9,construction.services,premium,207.2,414.2,high,low,12,spaceship,,,03/10/2026 00:58
d68d00b4-65fb-43fa-ae28-e22e41f063d4,innovation.skin,resell,,,high,medium,10,Dynadot Inc,23/01/2026 00:04,23/01/2027 23:59,05/10/2026 23:49
5f36b1b5-86bc-48e2-b6b1-92b2383d775b,blueprint.gift,available,14.99,14.99,high,high,9,namesilo,,,29/09/2026 11:42
4f7d5dbf-22c8-4417-8fae-d911399d09ec,architecture.church,resell,,,high,low,12,"Name.com, Inc.",08/04/2024 15:50,08/04/2027 15:50,05/10/2026 17:09
a98126f6-3c36-4b1c-a40f-a05022db0e68,construction.gift,available,14.99,14.99,high,low,12,namesilo,,,03/10/2026 00:58
e2c8dbeb-208f-4aff-81a7-00c33bb3bdb4,technology.kim,available,5.38,18.83,high,low,10,spaceship,,,05/10/2026 20:14
4acfc6d8-c8a5-430b-97a7-7166bdd61c1e,construction.talk,premium,640,640,high,low,12,namesilo,,,03/10/2026 00:58
611b7a7c-1d0b-4285-8e87-c661f75712b1,architecture.reviews,premium,102.67,102.67,high,low,12,spaceship,,,05/10/2026 17:09
89a0eefa-aebb-4739-bcd2-4277726fc90f,engineers.land,available,32.2,32.2,high,low,9,cloudflare,,,30/09/2026 21:06
5d98651f-a914-413e-88b8-189a283b5d22,construction.vacations,available,31.25,31.25,high,low,12,spaceship,,,03/10/2026 00:58
726eea18-6eaa-4888-b53f-d28b498b0d9a,technical.site,premium,1107,1107,high,low,9,namesilo,,,02/10/2026 12:55
fac4f281-0ed5-4876-968d-acc183f14db9,design.zone,resell,,,high,medium,6,"Global Domains International, Inc. DBA DomainCostClub.com",04/04/2026 15:15,04/04/2027 15:15,02/10/2026 13:14
2c1c225c-47fc-4565-93ee-da8e63ff2d57,development.global,premium,4140.2,51.95,high,low,11,spaceship,,,05/10/2026 05:37
172540a4-6265-42fd-8d35-cd3bc2f9cc4e,system.site,premium,3450,3450,high,medium,6,namesilo,,,05/10/2026 11:12
c2673e0c-e193-4d9d-9cbd-f81354a8e4b1,engineer.shopping,available,26.99,26.99,high,low,8,namesilo,,,03/10/2026 22:54
f2ce27bc-9507-4d65-b719-54867290624e,engineers.place,available,18.41,18.41,high,low,9,dynadot,,,30/09/2026 21:06
5a89f891-aabb-4bb6-9971-77a09820af40,design.biz,resell,,,high,medium,6,"GoDaddy.com, LLC",27/03/2002 07:44,26/03/2027 23:59,02/10/2026 13:14
55f332e1-ea74-406c-aca5-c3e8d6e4526a,innovation.limo,available,54.99,54.99,high,medium,10,namesilo,,,05/10/2026 23:49
a65f9ec1-dcdc-424a-9203-94fed0459011,design.bar,premium,4950,4950,high,medium,6,dynadot,,,02/10/2026 13:14
db2fdfcc-9268-4709-b419-4983135860ee,innovation.win,premium,448,53.92,high,medium,10,namesilo,,,05/10/2026 23:49
b5475e57-49f1-4c0b-b9ac-9aa2ad7e0cef,engineer.limited,premium,78.54,78.54,high,low,8,namesilo,,,03/10/2026 22:54
8aab1399-8818-4b9d-b2b3-326596d8803f,architecture.organic,available,17,85.99,high,low,12,unstoppable,,,05/10/2026 17:09
76511a0f-9488-4b70-ba11-af1c1ba69d80,architecture.gift,available,16.58,16.58,high,low,12,porkbun,,,05/10/2026 17:09
0544d178-e93c-4e13-b70b-e2678436a3f1,construction.diet,available,104.99,114.99,high,low,12,namesilo,,,03/10/2026 00:58
d9c8e579-bcf7-4f27-932f-89e63761d59e,engineer.kids,premium,384,21.24,high,low,8,namesilo,,,03/10/2026 22:54
661dd676-9c4d-49a2-9054-aaddd78dae09,blueprint.party,premium,448,53.92,high,high,9,namesilo,,,29/09/2026 11:42
798de0e7-4391-47a0-b0d2-d1c51bd9738b,design.rodeo,premium,242,11.8,high,medium,6,namesilo,,,02/10/2026 13:14
04ec34b5-2244-4929-b0a8-2109fd9f69a5,analysis.engineering,premium,118.8,118.8,high,low,8,namesilo,,,06/10/2026 00:31
0262cf82-3069-44b7-9a6b-3d335fa0a0d5,innovation.loan,premium,103.7,26.08,high,medium,10,spaceship,,,05/10/2026 23:49
1e38a0dc-e5a7-4a34-878c-be050b52aab7,technology.lease,premium,102.67,102.67,high,low,10,spaceship,,,05/10/2026 20:14
fbbd0568-456a-4034-9db7-48705eb331f2,architecture.bar,premium,326.23,465.95,high,low,12,spaceship,,,05/10/2026 17:09
d9644840-cbf9-441b-9979-3f4fa0b87422,innovation.boo,premium,257.92,257.92,high,medium,10,spaceship,,,05/10/2026 23:49
830ddc59-8d82-468d-825c-6ed9463e3c21,architecture.wiki,premium,273.44,273.44,high,low,12,porkbun,,,05/10/2026 17:09
ea53b406-09e8-41fc-b1f9-c679f636895c,technology.cars,available,1863.2,2064.2,high,low,10,spaceship,,,05/10/2026 20:14
3c9f175a-1a04-40bb-9d7a-3a48876f0748,architecture.fit,resell,,,high,low,12,"Spaceship, Inc.",03/07/2026 16:34,03/07/2027 16:34,05/10/2026 17:09
105d5a04-2ca3-4635-a511-b2bfef2644fd,innovation.coupons,available,5.5,54.99,high,medium,10,unstoppable,,,05/10/2026 23:49
123219f0-f2db-47ad-8a62-b0adfab0d149,technology.tax,premium,207.2,207.2,high,low,10,spaceship,,,05/10/2026 20:14
8a25a168-0307-4d49-9df4-285f2ea77fe2,engineer.kaufen,available,5.57,24.83,high,low,8,dynadot,,,03/10/2026 22:54
0647a63e-d2e2-440f-80f4-1483fb20e4df,blueprint.stream,premium,448,53.92,high,high,9,namesilo,,,29/09/2026 11:42
948aa8a7-9695-4607-b780-dbe0f0edf09c,engineer.host,premium,640,640,high,low,8,namesilo,,,03/10/2026 22:54
970b3c0c-4ff4-45a3-ad88-6375e460c2f4,construction.group,resell,,,high,low,12,"Sav.com, LLC",09/09/2026 13:22,09/09/2027 13:22,03/10/2026 00:58
7ee4d4a1-8f64-4f86-8dce-60c032647eb5,engineer.construction,available,40.98,50.98,high,low,8,namecheap,,,03/10/2026 22:54
f72ab1da-3f2e-491b-8939-d840af42efad,technology.wedding,available,26.08,26.08,high,low,10,spaceship,,,05/10/2026 20:14
5eb53125-5167-43ae-af37-d06406f750f2,engineers.shoes,available,31.25,51.95,high,low,9,spaceship,,,30/09/2026 21:06
cf38a79d-470a-4c36-a7b5-6a0d786f1b63,architecture.lifestyle,premium,1100,1100,high,low,12,dynadot,,,05/10/2026 17:09
ad3897d1-29e5-436f-9f9f-26fd79c2b4d8,designer.contractors,premium,78.54,78.54,high,low,8,namesilo,,,20/09/2026 02:12
c9896002-70be-4c9d-8c51-22958c00f5bb,technology.football,available,25.99,25.99,high,low,10,namesilo,,,05/10/2026 20:14
fff52a64-4de2-4f1e-87f3-02b3534c9e92,architecture.gallery,premium,34.36,34.36,high,low,12,spaceship,,,05/10/2026 17:09
546a40a1-6294-4c58-828e-671fbab2b150,architecture.lgbt,available,10.55,64.37,high,low,12,spaceship,,,05/10/2026 17:09
44dcdaa7-10b8-4df7-bbf1-0b5d9d60da60,designs.engineering,available,9.52,51.95,high,low,7,spaceship,,,30/09/2026 20:49
84acab17-5a1a-4900-b1a0-c7a0427a4bbd,design.sucks,premium,21833.69,2182.75,high,medium,6,porkbun,,,02/10/2026 13:14
5ad64685-a7d7-49d5-b666-a11a6ea0581f,engineer.voting,available,1398,1448,high,low,8,namecheap,,,03/10/2026 22:54
c6cf06c4-9d76-49f3-afae-7a44c4b42504,production.holdings,available,67.98,81.98,high,low,10,namecheap,,,19/09/2026 18:56
0ddff24f-1e6d-4dee-880f-636b7536cc9c,design.skin,premium,672.95,672.95,high,medium,6,spaceship,,,02/10/2026 13:14
3b8c3207-b7d9-4639-8d90-40319ed035b7,construction.kitchen,available,10.99,64.99,high,low,12,namesilo,,,03/10/2026 00:58
7f526f62-ce18-461b-83e6-0950f60877cc,design.car,available,1863.2,2064.2,high,medium,6,spaceship,,,02/10/2026 13:14
c32d20f2-495b-4953-ad45-083ed98aba2d,construction.industries,premium,207.2,207.2,high,low,12,spaceship,,,03/10/2026 00:58
135e3abf-dc18-45b5-898d-d3a3f4996bdb,innovation.lighting,available,18.83,18.83,high,medium,10,spaceship,,,05/10/2026 23:49
9c1c2947-4b4d-45b4-82d4-65715a065b05,engineer.ceo,premium,413.37,413.37,high,low,8,spaceship,,,03/10/2026 22:54
8a8c4c02-3845-4f61-9f30-7cb0b36eeb6a,technology.date,premium,330,55,high,low,10,dynadot,,,05/10/2026 20:14
e60f8658-9a51-41b0-815b-131f01f42262,construction.ltda,premium,56.64,33.04,high,low,12,namesilo,,,03/10/2026 00:58
fe26086e-5090-4ac1-8365-7cb93a6179b5,design.you,premium,1107,1107,high,medium,6,namesilo,,,02/10/2026 13:14
e6f39e4d-d926-4e20-9844-18974b9854ab,innovation.pictures,available,8.24,13.06,high,medium,10,dynadot,,,05/10/2026 23:49
23a09d71-0e2d-4f94-bfbd-64f7ff99bf56,construction.wine,available,46.2,46.2,high,low,12,cloudflare,,,03/10/2026 00:58
87df0a64-fe0f-4980-aa8a-43668b443da5,architecture.exposed,premium,34.36,34.36,high,low,12,spaceship,,,05/10/2026 17:09
1825dc3e-c615-4159-ab86-8c2082e06c90,design.management,resell,,,high,medium,6,Dynadot Inc,04/06/2022 13:15,04/06/2027 13:15,02/10/2026 13:14
25ca864d-09fe-4dd2-b143-cfd6f0c98222,manufacturing.equipment,premium,68.51,68.51,high,low,13,spaceship,,,01/10/2026 02:43
eecf8c8a-866e-454b-8d3c-b24bfd00b41b,architecture.cards,resell,,,high,low,12,"Global Domains International, Inc. DBA DomainCostClub.com",16/04/2026 22:10,16/04/2027 22:10,05/10/2026 17:09
cc643a8a-1995-4e6c-a6bf-31acc7f10a34,construction.tv,resell,,,high,low,12,Dynadot Inc,17/12/2012 09:04,17/12/2026 09:04,03/10/2026 00:58
6c8e6652-216c-4d6d-b82f-42d8f1083d19,technology.host,premium,325,650,high,low,10,namecheap,,,05/10/2026 20:14
85687ad6-e0a5-434c-9989-85dfd0cb0a28,engineer.news,premium,1100,1100,high,low,8,dynadot,,,03/10/2026 22:54
983b3a4b-b3e9-4cff-aec2-f51ba7d4d1d7,system.how,premium,370.6,370.6,high,medium,6,porkbun,,,05/10/2026 11:12
403294b3-d8ab-4e01-9c80-1bcdc45fe124,design.hockey,available,59.99,59.99,high,medium,6,namesilo,,,02/10/2026 13:14
a49a8240-7808-4c46-a01a-6884d971fec8,technology.jetzt,available,23.99,23.99,high,low,10,namesilo,,,05/10/2026 20:14
7d48c85e-b717-4de6-b8f0-7b0c14a545c7,construction.boutique,available,5.5,,high,low,12,unstoppable,,,03/10/2026 00:58
d5ed451f-7e0b-464c-a0b9-745f9c9ae74b,development.theatre,available,538.98,620,high,low,11,namecheap,,,05/10/2026 05:37
539cf1fd-a3b9-418c-a6f5-7981a4892e4b,technology.photo,premium,103.7,103.7,high,low,10,spaceship,,,05/10/2026 20:14
1f991111-f410-4c06-a7a8-069f437b175e,construction.observer,premium,1092.18,1092.18,high,low,12,porkbun,,,03/10/2026 00:58
a78a5975-c131-414b-a378-943c6c3ef277,blueprint.mobile,available,15.96,15.96,high,high,9,porkbun,,,29/09/2026 11:42
72a95648-6394-4084-b7be-b65adcf1dd63,engineers.online,premium,647.08,2587.7,high,low,9,spaceship,,,30/09/2026 21:06
87d0d539-01f3-4c67-a53e-56be002f452c,engineer.exposed,premium,207.2,207.2,high,low,8,spaceship,,,03/10/2026 22:54
bd068d84-fd84-4d26-8ea2-493bfbf9ca65,infrastructure.me,premium,,,high,high,14,,,,01/10/2026 02:21
5642fa2a-e2f0-4c65-9c8d-0c68971f4945,technology.business,resell,,,high,low,10,"Spaceship, Inc.",28/02/2021 05:28,28/02/2027 05:28,05/10/2026 20:14
cb1c434b-485b-49d6-be37-65f9b30a5e22,blueprint.menu,available,34.98,38.98,high,high,9,namecheap,,,29/09/2026 11:42
057542ee-ecfc-4aec-b683-ea91cf19f336,technology.boo,premium,516.67,516.67,high,low,10,spaceship,,,05/10/2026 20:14
1aef8ce8-4ff1-43da-9193-ea29c2be4d96,manufacturing.osaka,available,26.97,26.97,high,low,13,dynadot,,,01/10/2026 02:43
b4746232-25b1-4deb-97b4-c4fc01409401,engineer.ski,premium,108.9,108.9,high,low,8,dynadot,,,03/10/2026 22:54
b8efacc0-bab5-479d-8d81-972952251111,manufacturing.glass,available,56.2,56.2,high,low,13,cloudflare,,,01/10/2026 02:43
92bc40b2-9873-4edb-90cb-730702b57453,innovation.vana,available,2070.2,2070.2,high,medium,10,spaceship,,,05/10/2026 23:49
1aaf2c6c-9c36-443d-952d-0b51d00369cb,development.equipment,available,22.97,22.97,high,low,11,spaceship,,,05/10/2026 05:37
4c7c689b-1720-4a40-b466-1720c70d546f,blueprint.storage,available,500.2,500.2,high,high,9,cloudflare,,,29/09/2026 11:42
35e71ebb-b736-490b-b0ca-5071911c137b,system.bot,resell,625,625,high,medium,6,"Dynadot, LLC",06/08/2026 20:33,06/08/2027 20:33,05/10/2026 11:12
0f8b6453-51f3-443c-9982-47f8c0946269,innovation.trading,premium,207.2,207.2,high,medium,10,spaceship,,,05/10/2026 23:49
d0cbf3b2-caeb-40ac-93cc-5e6038677819,architecture.ltda,premium,56.64,33.04,high,low,12,namesilo,,,05/10/2026 17:09
8cdf29ce-43fa-48dc-aeae-8b1e33adc44f,manufacturing.inc,premium,1705,2060.21,high,low,13,dynadot,,,01/10/2026 02:43
f0cf1666-8723-4223-bf08-ddbde8864abf,technology.inc,premium,1705,2060.21,high,low,10,dynadot,,,05/10/2026 20:14
1788c4c4-06f2-4a32-ad08-3e69c15aba22,engineer.rsvp,premium,249.2,323.7,high,low,8,unstoppable,,,03/10/2026 22:54
e288bc73-7a27-43f8-ad6b-706090795e35,engineers.srl,available,27.29,28.03,high,low,9,porkbun,,,30/09/2026 21:06
4a1616e9-98c1-4527-8ae2-ad8a90c98c27,plan.inc,premium,2015,2600,high,medium,4,namecheap,,,03/10/2026 02:31
0bbb521f-cf9b-4d3e-b21b-3f1719714bed,engineer.day,premium,257.92,257.92,high,low,8,spaceship,,,03/10/2026 22:54
7f629c95-6486-4e08-b6f6-85c4d92c75cd,architecture.industries,premium,68.51,68.51,high,low,12,spaceship,,,05/10/2026 17:09
1cea19b4-03ba-4bf7-b29f-d851ee4df0ed,innovation.srl,premium,54.28,30.68,high,medium,10,namesilo,,,05/10/2026 23:49
6b01f33b-1f70-48c5-9f83-2b66b6374ef8,technology.soy,premium,299.2,309.67,high,low,10,unstoppable,,,05/10/2026 20:14
8f46aa23-41cf-435c-9aac-63991b34d321,engineer.reisen,available,3.99,20.99,high,low,8,namesilo,,,03/10/2026 22:54
e88da3c0-7c6f-41fe-b67c-edd513b861f1,technology.country,available,2140.22,2140.22,high,low,10,dynadot,,,05/10/2026 20:14
0e4a0f80-f804-4448-8984-7c85a0826249,blueprint.hiphop,available,23.99,23.99,high,high,9,namesilo,,,29/09/2026 11:42
0a55ac0d-38dd-42e1-8c6b-a7d3d6ab9373,design.clothing,premium,520,520,high,medium,6,namecheap,,,02/10/2026 13:14
2caffaee-0e44-4d7b-a815-ea2439359b0b,engineers.link,premium,362.45,362.45,high,low,9,spaceship,,,30/09/2026 21:06
4082546b-4500-4bd2-a3b5-eb7fff217fd2,model.reise,available,90.1,90.1,high,medium,5,dynadot,,,06/10/2026 01:26
4c4e83d9-a3ec-46b7-a7d4-ce3cd1d3382b,architecture.pizza,available,17.99,64.99,high,low,12,namesilo,,,05/10/2026 17:09
2f767ce2-7374-4ea7-89c8-7752e0a439cb,prototype.archi,available,19.99,103.99,high,low,9,namesilo,,,28/09/2026 14:03
8d7eb254-4bf0-4b35-a949-6464f2aa9c55,innovation.storage,available,465.95,500.2,high,medium,10,spaceship,,,05/10/2026 23:49